-- phpMyAdmin SQL Dump
-- version 5.1.0
-- https://www.phpmyadmin.net/
--
-- Servidor: 127.0.0.1
-- Tiempo de generación: 13-04-2021 a las 06:36:05
-- Versión del servidor: 10.4.18-MariaDB
-- Versión de PHP: 8.0.3

SET SQL_MODE = "NO_AUTO_VALUE_ON_ZERO";
START TRANSACTION;
SET time_zone = "+00:00";


/*!40101 SET @OLD_CHARACTER_SET_CLIENT=@@CHARACTER_SET_CLIENT */;
/*!40101 SET @OLD_CHARACTER_SET_RESULTS=@@CHARACTER_SET_RESULTS */;
/*!40101 SET @OLD_COLLATION_CONNECTION=@@COLLATION_CONNECTION */;
/*!40101 SET NAMES utf8mb4 */;

--
-- Base de datos: `gigisplayhousebd_v4`
--

-- --------------------------------------------------------

--
-- Estructura de tabla para la tabla `ciclos`
--

CREATE TABLE `ciclos` (
  `idCiclo` char(4) COLLATE utf8_spanish2_ci NOT NULL,
  `fechaInicial` date NOT NULL,
  `fechaFinal` date NOT NULL
) ENGINE=InnoDB DEFAULT CHARSET=utf8 COLLATE=utf8_spanish2_ci;

--
-- Volcado de datos para la tabla `ciclos`
--

INSERT INTO `ciclos` (`idCiclo`, `fechaInicial`, `fechaFinal`) VALUES
('C001', '2019-07-09', '0000-00-00'),
('C002', '2019-07-10', '2019-12-29'),
('C003', '2019-07-11', '2020-03-28'),
('C004', '2019-07-12', '0000-00-00'),
('C005', '2019-07-13', '0000-00-00'),
('C006', '2019-07-14', '2020-12-27'),
('C007', '2019-07-15', '2021-03-31'),
('C008', '2019-07-16', '0000-00-00'),
('C009', '2019-07-17', '0000-00-00'),
('C010', '2019-07-18', '2021-12-27');

-- --------------------------------------------------------

--
-- Estructura de tabla para la tabla `funciones`
--

CREATE TABLE `funciones` (
  `idFuncion` char(3) COLLATE utf8_spanish2_ci NOT NULL,
  `requisitoFuncional` varchar(50) COLLATE utf8_spanish2_ci NOT NULL
) ENGINE=InnoDB DEFAULT CHARSET=utf8 COLLATE=utf8_spanish2_ci;

--
-- Volcado de datos para la tabla `funciones`
--

INSERT INTO `funciones` (`idFuncion`, `requisitoFuncional`) VALUES
('F01', 'se autentifica'),
('F02', 'cerrar sesion'),
('F03', 'cambiar contraseña'),
('F04', 'registrar programa'),
('F05', 'modificar datos programa'),
('F06', 'asignar participantes'),
('F07', 'agregar ciclo'),
('F08', 'generar comparativa de programas'),
('F09', 'generar reporte programa individual'),
('F10', 'generar archivo de descarga'),
('F11', 'registrar usuario'),
('F12', 'modificar usuario'),
('F13', 'modificar funciones del rol'),
('F14', 'asignar rol'),
('F15', 'crear rol'),
('F16', 'cambiarrol'),
('F17', 'consultar datos participante'),
('F18', 'registrar puntaje de participante'),
('F19', 'modificar objetivos de divisiones'),
('F20', 'eliminar usuario');

-- --------------------------------------------------------

--
-- Estructura de tabla para la tabla `grupos`
--

CREATE TABLE `grupos` (
  `idGrupo` char(4) COLLATE utf8_spanish2_ci NOT NULL,
  `numeroGrupo` int(11) NOT NULL,
  `idPrograma` char(4) COLLATE utf8_spanish2_ci NOT NULL,
  `idCiclo` char(4) COLLATE utf8_spanish2_ci NOT NULL
) ENGINE=InnoDB DEFAULT CHARSET=utf8 COLLATE=utf8_spanish2_ci;

--
-- Volcado de datos para la tabla `grupos`
--

INSERT INTO `grupos` (`idGrupo`, `numeroGrupo`, `idPrograma`, `idCiclo`) VALUES
('G001', 1, 'P001', 'C007'),
('G002', 2, 'P001', 'C007'),
('G003', 3, 'P001', 'C007'),
('G004', 4, 'P001', 'C007'),
('G005', 1, 'P002', 'C007'),
('G006', 1, 'P003', 'C007'),
('G007', 1, 'P004', 'C007'),
('G008', 1, 'P005', 'C007'),
('G009', 1, 'P006', 'C007'),
('G010', 2, 'P006', 'C007'),
('G011', 1, 'P007', 'C007'),
('G012', 2, 'P007', 'C007'),
('G013', 1, 'P008', 'C007'),
('G014', 1, 'P009', 'C007'),
('G015', 1, 'P010', 'C007'),
('G016', 1, 'P011', 'C007'),
('G017', 1, 'P012', 'C007'),
('G018', 1, 'P013', 'C007'),
('G019', 1, 'P019', 'C007'),
('G020', 1, 'P006', 'C007'),
('G021', 1, 'P001', 'C008'),
('G022', 2, 'P001', 'C008'),
('G023', 3, 'P001', 'C008'),
('G024', 4, 'P001', 'C008'),
('G025', 1, 'P002', 'C008'),
('G026', 1, 'P003', 'C008'),
('G027', 1, 'P004', 'C008'),
('G028', 1, 'P005', 'C008'),
('G029', 1, 'P006', 'C008'),
('G030', 2, 'P006', 'C008'),
('G031', 1, 'P014', 'C008'),
('G032', 1, 'P015', 'C008'),
('G033', 1, 'P016', 'C008'),
('G034', 1, 'P017', 'C008'),
('G035', 1, 'P018', 'C008');

-- --------------------------------------------------------

--
-- Estructura de tabla para la tabla `grupos_terapeutas`
--

CREATE TABLE `grupos_terapeutas` (
  `idGrupo` char(4) COLLATE utf8_spanish2_ci NOT NULL,
  `login` varchar(50) COLLATE utf8_spanish2_ci NOT NULL,
  `fechaAsignacion` date NOT NULL
) ENGINE=InnoDB DEFAULT CHARSET=utf8 COLLATE=utf8_spanish2_ci;

--
-- Volcado de datos para la tabla `grupos_terapeutas`
--

INSERT INTO `grupos_terapeutas` (`idGrupo`, `login`, `fechaAsignacion`) VALUES
('G001', 'mnajera@gigisplayhouse.org', '2021-01-08'),
('G002', 'garistoy@gigisplayhouse.org', '2021-01-08'),
('G003', 'mcristina@gigisplayhouse.org', '2021-01-08'),
('G004', 'vsaracho@gigisplayhouse.org', '2021-01-08'),
('G005', 'mnajera@gigisplayhouse.org', '2021-01-08'),
('G006', 'jmartinez@gigisplayhouse.org', '2021-01-08'),
('G007', 'jmartinez@gigisplayhouse.org', '2021-01-08'),
('G008', 'karias@gigisplayhouse.org', '2021-01-08'),
('G009', 'ptornell@gigisplayhouse.org', '2021-01-08'),
('G010', 'vgarcia@gigisplayhouse.org', '2021-01-08'),
('G011', 'ptornell@gigisplayhouse.org', '2021-01-08'),
('G012', 'lazuara@gigisplayhouse.org', '2021-01-08'),
('G013', 'ptornell@gigisplayhouse.org', '2021-01-08'),
('G014', 'vgarcia@gigisplayhouse.org', '2021-01-08'),
('G015', 'ccano@gigisplayhouse.org', '2021-01-08'),
('G016', 'agonzalez@gigisplayhouse.org', '2021-01-08'),
('G017', 'karias@gigisplayhouse.org', '2021-01-08'),
('G018', 'ccano@gigisplayhouse.org', '2021-01-08'),
('G019', 'mnajera@gigisplayhouse.org', '2021-01-08'),
('G020', 'vgarcia@gigisplayhouse.org', '2021-01-08'),
('G021', 'mnajera@gigisplayhouse.org', '2021-03-08'),
('G022', 'garistoy@gigisplayhouse.org', '2021-03-08'),
('G023', 'mcristina@gigisplayhouse.org', '2021-03-08'),
('G024', 'vsaracho@gigisplayhouse.org', '2021-03-08'),
('G025', 'mnajera@gigisplayhouse.org', '2021-03-08'),
('G026', 'jmartinez@gigisplayhouse.org', '2021-03-08'),
('G027', 'jmartinez@gigisplayhouse.org', '2021-03-08'),
('G028', 'karias@gigisplayhouse.org', '2021-04-08'),
('G029', 'ptornell@gigisplayhouse.org', '2021-04-08'),
('G030', 'vgarcia@gigisplayhouse.org', '2021-04-08');

-- --------------------------------------------------------

--
-- Estructura de tabla para la tabla `niveles`
--

CREATE TABLE `niveles` (
  `idNivel` char(4) COLLATE utf8_spanish2_ci NOT NULL,
  `nombreNivel` varchar(50) COLLATE utf8_spanish2_ci NOT NULL,
  `idPrograma` char(4) COLLATE utf8_spanish2_ci NOT NULL
) ENGINE=InnoDB DEFAULT CHARSET=utf8 COLLATE=utf8_spanish2_ci;

--
-- Volcado de datos para la tabla `niveles`
--

INSERT INTO `niveles` (`idNivel`, `nombreNivel`, `idPrograma`) VALUES
('N001', 'prelingüístico', 'P001'),
('N002', 'básico', 'P001'),
('N003', 'intermedio', 'P001'),
('N004', 'avanzado', 'P001'),
('N005', '1', 'P002'),
('N006', '1', 'P003'),
('N007', '1', 'P004'),
('N008', '1', 'P005'),
('N009', '1', 'P006'),
('N010', '2', 'P006'),
('N011', '1', 'P007'),
('N012', '2', 'P007'),
('N013', 'básica', 'P008'),
('N014', '1', 'P009'),
('N015', '1', 'P010'),
('N016', '1', 'P011'),
('N017', '1', 'P012'),
('N018', '1', 'P013'),
('N019', '1', 'P019'),
('N020', '3', 'P006'),
('N021', '3', 'P007'),
('N022', 'Prerrequisitos', 'P007'),
('N023', 'avanzada', 'P008'),
('N024', '1', 'P020'),
('N025', '2', 'P009'),
('N026', '3', 'P009'),
('N027', '1', 'P014'),
('N028', '1', 'P015'),
('N029', '1', 'P016'),
('N030', '1', 'P017'),
('N031', '1', 'P018'),
('N032', '1', 'P019');

-- --------------------------------------------------------

--
-- Estructura de tabla para la tabla `objetivos`
--

CREATE TABLE `objetivos` (
  `idNivel` char(4) COLLATE utf8_spanish2_ci NOT NULL,
  `idObjetivo` char(4) COLLATE utf8_spanish2_ci NOT NULL,
  `descripcion` varchar(200) COLLATE utf8_spanish2_ci DEFAULT NULL,
  `fechaRegistroObj` date NOT NULL
) ENGINE=InnoDB DEFAULT CHARSET=utf8 COLLATE=utf8_spanish2_ci;

--
-- Volcado de datos para la tabla `objetivos`
--

INSERT INTO `objetivos` (`idNivel`, `idObjetivo`, `descripcion`, `fechaRegistroObj`) VALUES
('N001', 'O054', 'Balbucea', '2021-04-05'),
('N001', 'O055', 'Emite ruidos con su garganta', '2021-04-05'),
('N001', 'O056', 'Hace pequeños ruidos cuando se le habla', '2021-04-05'),
('N001', 'O057', 'Crea sonidos relacionados con el placer y el dolor', '2021-04-05'),
('N001', 'O058', 'Sensibilidad ante el ruido', '2021-04-05'),
('N002', 'O059', 'Pronuncia vocales', '2021-04-05'),
('N002', 'O060', 'Comprende la palabra no', '2021-04-05'),
('N002', 'O061', 'Conoce y responde a su nombre', '2021-04-05'),
('N002', 'O062', 'Disfruta con las canciones', '2021-04-05'),
('N002', 'O063', 'Surge el laleo que son sonidos vocalicos y consonanticos', '2021-04-05'),
('N003', 'O064', 'Construye frases simples', '2021-04-05'),
('N003', 'O065', 'Responde a preguntas sencillas mediante lenguaje no verbal', '2021-04-05'),
('N003', 'O066', 'Aparecen las holofrases', '2021-04-05'),
('N003', 'O067', 'Intenta imitar palabras sencillas', '2021-04-05'),
('N003', 'O068', 'Emite onomatopeyas', '2021-04-05'),
('N004', 'O069', 'Mantiene la interaccion con el otro', '2021-04-05'),
('N004', 'O070', 'Conjuga verbos', '2021-04-05'),
('N004', 'O071', 'Utiliza el singular y plural', '2021-04-05'),
('N004', 'O072', 'Sigue cuentos largos', '2021-04-05'),
('N004', 'O073', 'Entiende cualquier mensaje verbal', '2021-04-05'),
('N005', 'O029', 'Coordina pies', '2021-04-05'),
('N005', 'O030', 'Coordina brazos', '2021-04-05'),
('N005', 'O031', 'No pisa a sus compañeros cuando baila', '2021-04-05'),
('N005', 'O032', 'Improvisa secuencias de pasos', '2021-04-05'),
('N005', 'O033', 'Marca el ritmo de la musica', '2021-04-05'),
('N006', 'O044', 'Camina', '2021-04-05'),
('N006', 'O045', 'Sigue instrucciones', '2021-04-05'),
('N006', 'O046', 'Sigue caminos Corre', '2021-04-05'),
('N006', 'O047', 'Llega a la meta', '2021-04-05'),
('N006', 'O048', 'Mantiene el equilibrio sobre un pie', '2021-04-05'),
('N007', 'O034', 'Se sienta', '2021-04-05'),
('N007', 'O035', 'Gatea', '2021-04-05'),
('N007', 'O036', 'Sostiene objetos', '2021-04-05'),
('N007', 'O037', 'Se mantiene parado', '2021-04-05'),
('N007', 'O038', 'Permanece en grupo sin llorar', '2021-04-05'),
('N008', 'O014', 'Realiza las rutinas de cuidado personal', '2021-04-05'),
('N008', 'O015', 'Lanza y atrapa', '2021-04-05'),
('N008', 'O016', 'Organiza su mochila', '2021-04-05'),
('N008', 'O017', 'Utiliza los cubiertos', '2021-04-05'),
('N008', 'O018', 'Usa tijeras', '2021-04-05'),
('N009', 'O079', 'Identifica las letras', '2021-04-05'),
('N009', 'O080', 'Sabe el abecedario', '2021-04-05'),
('N009', 'O081', 'Identifica los sonidos de las letras', '2021-04-05'),
('N009', 'O082', 'Identifica el sonido de silabas', '2021-04-05'),
('N009', 'O083', 'Asocia palabras con objetos', '2021-04-05'),
('N010', 'O084', 'Lee palabras completas', '2021-04-05'),
('N010', 'O085', 'Identifica los signos de puntacion', '2021-04-05'),
('N010', 'O086', 'Responde preguntas sencillas de la lectura', '2021-04-05'),
('N010', 'O087', 'Resume la lectura', '2021-04-05'),
('N010', 'O088', 'Lee oraciones completas respetando signos de puntuacion', '2021-04-05'),
('N011', 'O099', NULL, '2021-04-05'),
('N011', 'O100', NULL, '2021-04-05'),
('N011', 'O101', NULL, '2021-04-05'),
('N011', 'O102', NULL, '2021-04-05'),
('N011', 'O103', NULL, '2021-04-05'),
('N012', 'O104', 'Sabe contar hasta un millon', '2021-04-05'),
('N012', 'O105', 'Realiza multiplicaciones de un digito', '2021-04-05'),
('N012', 'O106', 'Realiza restas de numeros de un digito', '2021-04-05'),
('N012', 'O107', 'Realiza multiplicaciones de un dígito', '2021-04-05'),
('N012', 'O108', 'Entiende la diferencia entre unidades decenas y centenas', '2021-04-05'),
('N013', 'O094', 'Escribe su nombre completo', '2021-04-05'),
('N013', 'O095', 'Escribe todo el abecedario', '2021-04-05'),
('N013', 'O096', 'Escribe lo que se le dicta', '2021-04-05'),
('N013', 'O097', 'Escribe palabras por deletreo', '2021-04-05'),
('N013', 'O098', 'Identifica la silaba tonica de las palabras', '2021-04-05'),
('N014', 'O001', 'Rutina de saludo y despedida', '2021-04-03'),
('N014', 'O002', 'Sigue normas de cortesía ( pide por favor da la gracias)', '2021-04-03'),
('N014', 'O003', 'Logra permanecer  en la clase sin hacer berrinche', '2021-04-03'),
('N014', 'O004', 'Comparte sus juguetes / materiales / pertenencias', '2021-04-03'),
('N014', 'O005', 'Sigue instrucciones sencillas', '2021-04-03'),
('N014', 'O006', 'Responde cuando se le llama por su nombre', '2021-04-03'),
('N014', 'O007', 'Respetar los límites sencillos que se le ponen', '2021-04-03'),
('N014', 'O008', 'Conductas adecuadas en un contexto Se adapta sin hacer berrinche al cambio de actividad', '2021-04-03'),
('N014', 'O009', 'Logra permanecer sentado en periodos adecuados de tiempo', '2021-04-03'),
('N014', 'O010', 'Comenzar a identificar gestos  y situaciones en las que se expresan las diferentes emociones (alegria enojo tristeza)', '2021-04-03'),
('N014', 'O011', 'Ubica pictogramas de una agenda visual', '2021-04-03'),
('N014', 'O012', 'Intenta vestirse y desvestirse solo', '2021-04-03'),
('N014', 'O013', 'Tolera las dificultades', '2021-04-03'),
('N015', 'O049', 'Realiza el recorrido de obstaculos', '2021-04-05'),
('N015', 'O050', 'Se columpia', '2021-04-05'),
('N015', 'O051', 'Acomoda los conos', '2021-04-05'),
('N015', 'O052', 'Acomoda los bloques', '2021-04-05'),
('N015', 'O053', 'Arma el rompecabezas', '2021-04-05'),
('N016', 'O039', 'Cuenta ingredientes', '2021-04-05'),
('N016', 'O040', 'Manipula cuchillos', '2021-04-05'),
('N016', 'O041', 'Realiza mezclas homogeneas', '2021-04-05'),
('N016', 'O042', 'Manipula el fuego', '2021-04-05'),
('N016', 'O043', 'Lava los trastes y utensilios', '2021-04-05'),
('N017', 'O019', 'Elabora los productos solicitados', '2021-04-05'),
('N017', 'O020', 'Es disciplinado', '2021-04-05'),
('N017', 'O021', 'Calcula una cuenta', '2021-04-05'),
('N017', 'O022', 'Calcula el cambio de una cuenta', '2021-04-05'),
('N017', 'O023', 'Es constante', '2021-04-05'),
('N018', 'O024', 'Habla con claridad', '2021-04-05'),
('N018', 'O025', 'Mastica adecuadamente', '2021-04-05'),
('N018', 'O026', 'Mueve el cuello en círculos', '2021-04-05'),
('N018', 'O027', 'Dice trabalenguas', '2021-04-05'),
('N018', 'O028', 'Gesticula', '2021-04-05'),
('N019', 'O074', 'Puede agrupar objetos por familias', '2021-04-05'),
('N019', 'O075', 'Es capaz de describir objetos comunes', '2021-04-05'),
('N019', 'O076', 'Expresa ideas y sentimientos', '2021-04-05'),
('N019', 'O077', 'Responde a preguntas sencillas', '2021-04-05'),
('N019', 'O078', 'Usa los sonidos del habla correctamente', '2021-04-05'),
('N020', 'O089', 'Lee cuentos completos', '2021-04-05'),
('N020', 'O090', 'Lee entre lineas', '2021-04-05'),
('N020', 'O091', 'Lee con ritmo', '2021-04-05'),
('N020', 'O092', 'Puede inferir el significado de una palabra por su contexto', '2021-04-05'),
('N020', 'O093', 'Identifica ideas principales por parrafos', '2021-04-05'),
('N021', 'O109', 'Realiza divisiones simples', '2021-04-05'),
('N021', 'O110', 'Entiendan el concepto de cantidades fraccionarias', '2021-04-05'),
('N021', 'O111', 'Sabe hacer sumas y restas entre fracciones', '2021-04-05'),
('N021', 'O112', 'Entiende problemas basicos de aritmetica y propone soluciones', '2021-04-05'),
('N021', 'O113', 'Puede interpretar situaciones de la vida cotidiana como problemas matematicos', '2021-04-05'),
('N022', 'O114', 'Diferencia los numeros entre sí', '2021-04-05'),
('N022', 'O115', 'Entiende el concepto de cantidad y lo relaciona con un numero', '2021-04-05'),
('N022', 'O116', 'Puede interpretar textos que hablen de cantidades', '2021-04-05'),
('N022', 'O117', 'Realiza sumas de un digito', '2021-04-03'),
('N022', 'O118', 'Sabe contar hasta el cien', '2021-04-03'),
('N023', 'O119', NULL, '2021-04-03'),
('N023', 'O120', NULL, '2021-04-03'),
('N023', 'O121', NULL, '2021-04-03'),
('N023', 'O122', NULL, '2021-04-03'),
('N023', 'O123', NULL, '2021-04-03'),
('N024', 'O124', NULL, '2021-04-03'),
('N024', 'O125', NULL, '2021-04-03'),
('N024', 'O126', NULL, '2021-04-03'),
('N024', 'O127', NULL, '2021-04-03'),
('N024', 'O128', NULL, '2021-04-03'),
('N025', 'O129', NULL, '2021-04-03'),
('N025', 'O130', NULL, '2021-04-05'),
('N025', 'O131', NULL, '2021-04-05'),
('N025', 'O132', NULL, '2021-04-05'),
('N025', 'O133', NULL, '2021-04-05'),
('N026', 'O134', NULL, '2021-04-05'),
('N026', 'O135', NULL, '2021-04-05'),
('N026', 'O136', NULL, '2021-04-05'),
('N026', 'O137', NULL, '2021-04-05'),
('N026', 'O138', NULL, '2021-04-05'),
('N027', 'O139', NULL, '2021-04-05'),
('N027', 'O140', NULL, '2021-04-05'),
('N027', 'O141', NULL, '2021-04-05'),
('N027', 'O142', NULL, '2021-04-05'),
('N027', 'O143', NULL, '2021-04-05'),
('N028', 'O144', NULL, '2021-04-05'),
('N028', 'O145', NULL, '2021-04-05'),
('N028', 'O146', NULL, '2021-04-05'),
('N028', 'O147', NULL, '2021-04-05'),
('N028', 'O148', NULL, '2021-04-05'),
('N029', 'O149', NULL, '2021-04-05'),
('N029', 'O150', NULL, '2021-04-05'),
('N029', 'O151', NULL, '2021-04-05'),
('N029', 'O152', NULL, '2021-04-05'),
('N029', 'O153', NULL, '2021-04-05'),
('N030', 'O154', NULL, '2021-04-05'),
('N030', 'O155', NULL, '2021-04-05'),
('N030', 'O156', NULL, '2021-04-05'),
('N030', 'O157', NULL, '2021-04-05'),
('N030', 'O158', NULL, '2021-04-05'),
('N031', 'O159', NULL, '2021-04-05'),
('N031', 'O160', NULL, '2021-04-05'),
('N031', 'O161', NULL, '2021-04-05'),
('N031', 'O162', NULL, '2021-04-05'),
('N031', 'O163', NULL, '2021-04-05');

-- --------------------------------------------------------

--
-- Estructura de tabla para la tabla `participantes`
--

CREATE TABLE `participantes` (
  `login` varchar(50) COLLATE utf8_spanish2_ci NOT NULL,
  `sexo` char(1) COLLATE utf8_spanish2_ci NOT NULL,
  `fechaNacimiento` date DEFAULT NULL,
  `edad` int(11) NOT NULL,
  `telefonoPadre` int(11) DEFAULT NULL
) ENGINE=InnoDB DEFAULT CHARSET=utf8 COLLATE=utf8_spanish2_ci;

--
-- Volcado de datos para la tabla `participantes`
--

INSERT INTO `participantes` (`login`, `sexo`, `fechaNacimiento`, `edad`, `telefonoPadre`) VALUES
('correo001', 'M', '2014-01-13', 6, NULL),
('correo002', 'H', '2016-07-31', 4, NULL),
('correo003', 'H', '1993-10-11', 27, NULL),
('correo004', 'M', '2002-05-25', 18, NULL),
('correo005', 'H', '2018-07-30', 2, NULL),
('correo006', 'M', '1994-01-26', 27, NULL),
('correo007', 'M', '2003-06-18', 17, NULL),
('correo008', 'M', '2013-01-22', 8, NULL),
('correo009', 'M', '2013-04-10', 7, NULL),
('correo010', 'H', '2001-04-19', 19, NULL),
('correo011', 'H', '2000-09-21', 20, NULL),
('correo012', 'M', '2010-02-28', 10, NULL),
('correo013', 'M', '2020-09-15', 0, NULL),
('correo014', 'M', '1998-01-04', 23, NULL),
('correo015', 'H', '2007-06-16', 13, NULL),
('correo016', 'H', '2019-04-18', 1, NULL),
('correo017', 'H', '2016-11-03', 4, NULL),
('correo018', 'H', '2013-12-06', 7, NULL),
('correo019', 'H', '2012-07-14', 7, NULL),
('correo020', 'M', '2014-10-21', 6, NULL),
('correo021', 'H', '2018-01-15', 3, NULL),
('correo022', 'H', '2008-04-05', 12, NULL),
('correo023', 'H', '2012-11-11', 8, NULL),
('correo024', 'M', '2014-09-19', 6, NULL),
('correo025', 'M', '2019-02-13', 1, NULL),
('correo026', 'M', '2008-08-22', 12, NULL),
('correo027', 'H', '2002-04-05', 18, NULL),
('correo028', 'H', '2008-12-18', 12, NULL),
('correo029', 'H', '1996-04-18', 24, NULL),
('correo030', 'M', '1998-06-21', 22, NULL),
('correo031', 'M', '2015-07-31', 5, NULL),
('correo032', 'H', '2017-04-28', 3, NULL),
('correo033', 'H', '2005-10-18', 15, NULL),
('correo034', 'H', '2014-07-21', 6, NULL),
('correo035', 'H', '2007-11-13', 13, NULL),
('correo036', 'H', NULL, 3, NULL),
('correo037', 'H', '2012-11-24', 8, NULL),
('correo038', 'M', '2013-10-10', 7, NULL),
('correo039', 'H', '2017-07-21', 3, NULL),
('correo040', 'H', '2018-06-17', 2, NULL),
('correo041', 'H', '1992-07-20', 27, NULL),
('correo042', 'M', '2011-08-24', 9, NULL),
('correo043', 'H', '2020-02-12', 1, NULL),
('correo044', 'H', '2018-06-26', 2, NULL),
('correo045', 'H', '2008-01-02', 13, NULL),
('correo046', 'M', '2017-03-05', 3, NULL),
('correo047', 'H', '2012-01-04', 8, NULL),
('correo048', 'H', '2009-03-26', 11, NULL),
('correo049', 'M', '2016-08-20', 4, NULL),
('correo050', 'H', '2015-05-10', 5, NULL),
('correo051', 'H', '2011-11-02', 9, NULL),
('correo052', 'M', '2018-06-17', 2, NULL),
('correo053', 'H', '2007-02-08', 14, NULL),
('correo054', 'M', '2016-07-30', 4, NULL),
('correo055', 'M', '2018-09-12', 2, NULL),
('correo056', 'H', '2018-12-08', 2, NULL),
('correo057', 'H', '2018-06-30', 2, NULL),
('correo058', 'H', '2006-08-24', 13, NULL),
('correo059', 'H', '2003-06-06', 17, NULL),
('correo060', 'M', '2011-02-02', 10, NULL),
('correo061', 'H', '2016-06-16', 4, NULL),
('correo062', 'M', '1998-08-19', 22, NULL),
('correo063', 'M', '1998-05-27', 22, NULL),
('correo064', 'M', '2019-05-02', 1, NULL),
('correo065', 'M', '1999-05-28', 21, NULL),
('correo066', 'H', '2009-04-19', 11, NULL),
('correo067', 'H', '2019-11-09', 1, NULL),
('correo068', 'H', '2013-08-30', 6, NULL),
('correo069', 'H', '2020-10-11', 0, NULL),
('correo070', 'H', '2011-09-10', 9, NULL),
('correo071', 'H', '2015-07-10', 5, NULL),
('correo072', 'M', '2001-10-08', 18, NULL),
('correo073', 'M', '2013-02-11', 8, NULL),
('correo074', 'M', '2007-03-16', 13, NULL),
('correo075', 'M', '2005-08-29', 15, NULL),
('correo076', 'H', '2020-08-27', 0, NULL),
('correo077', 'H', '2020-07-07', 0, NULL),
('correo078', 'H', '2019-02-27', 1, NULL),
('correo079', 'M', '2012-09-19', 8, NULL),
('correo080', 'M', '2015-12-08', 6, NULL),
('correo081', 'M', '2011-05-27', 9, NULL),
('correo082', 'M', '2017-06-07', 3, NULL),
('correo083', 'H', '2019-01-18', 2, NULL),
('correo084', 'H', '2004-03-01', 16, NULL),
('correo085', 'M', '2011-08-26', 9, NULL),
('correo086', 'M', '2017-06-02', 3, NULL),
('correo087', 'H', '2013-10-28', 7, NULL),
('correo088', 'H', '2004-02-14', 17, NULL),
('correo089', 'H', '2008-01-06', 11, NULL),
('correo090', 'H', '2019-12-25', 1, NULL),
('correo091', 'M', '1999-03-24', 21, NULL),
('correo092', 'M', '2008-06-12', 12, NULL),
('correo093', 'M', '2010-10-05', 11, NULL),
('correo094', 'M', '2020-08-14', 0, NULL),
('correo095', 'M', '2013-09-01', 7, NULL),
('correo096', 'M', '2020-03-01', 0, NULL),
('correo097', 'H', '2001-08-03', 18, NULL),
('correo098', 'M', '2020-03-12', 0, NULL),
('correo099', 'H', '2017-07-16', 3, NULL),
('correo100', 'H', '2018-10-07', 2, NULL),
('correo101', 'M', '2015-12-22', 5, NULL),
('correo102', 'M', '2015-12-07', 5, NULL),
('correo103', 'M', '2011-10-03', 9, NULL);

-- --------------------------------------------------------

--
-- Estructura de tabla para la tabla `participantes_grupos_objetivo`
--

CREATE TABLE `participantes_grupos_objetivo` (
  `login` varchar(50) COLLATE utf8_spanish2_ci NOT NULL,
  `idGrupo` char(4) COLLATE utf8_spanish2_ci NOT NULL,
  `idNivel` char(4) COLLATE utf8_spanish2_ci NOT NULL,
  `idObjetivo` char(4) COLLATE utf8_spanish2_ci NOT NULL,
  `puntajeInicial` int(11) DEFAULT NULL,
  `puntajeFinal` int(11) DEFAULT NULL
) ENGINE=InnoDB DEFAULT CHARSET=utf8 COLLATE=utf8_spanish2_ci;

--
-- Volcado de datos para la tabla `participantes_grupos_objetivo`
--

INSERT INTO `participantes_grupos_objetivo` (`login`, `idGrupo`, `idNivel`, `idObjetivo`, `puntajeInicial`, `puntajeFinal`) VALUES
('correo001', 'G009', 'N009', 'O079', 1, 1),
('correo001', 'G009', 'N009', 'O080', 1, 2),
('correo001', 'G009', 'N009', 'O081', 1, 3),
('correo001', 'G009', 'N009', 'O082', 1, 3),
('correo001', 'G009', 'N009', 'O083', 1, 1),
('correo001', 'G011', 'N011', 'O099', 4, 5),
('correo001', 'G011', 'N011', 'O100', 1, 3),
('correo001', 'G011', 'N011', 'O101', 2, 2),
('correo001', 'G011', 'N011', 'O102', 2, 5),
('correo001', 'G011', 'N011', 'O103', 3, 4),
('correo002', 'G002', 'N003', 'O064', 2, 2),
('correo002', 'G002', 'N003', 'O065', 2, 2),
('correo002', 'G002', 'N003', 'O066', 1, 3),
('correo002', 'G002', 'N003', 'O067', 2, 2),
('correo002', 'G002', 'N003', 'O068', 1, 1),
('correo002', 'G007', 'N007', 'O034', 1, 4),
('correo002', 'G007', 'N007', 'O035', 1, 2),
('correo002', 'G007', 'N007', 'O036', 2, 4),
('correo002', 'G007', 'N007', 'O037', 2, 2),
('correo002', 'G007', 'N007', 'O038', 1, 1),
('correo002', 'G016', 'N016', 'O039', 2, 4),
('correo002', 'G016', 'N016', 'O040', 1, 2),
('correo002', 'G016', 'N016', 'O041', 1, 2),
('correo002', 'G016', 'N016', 'O042', 1, 3),
('correo002', 'G016', 'N016', 'O043', 1, 1),
('correo003', 'G016', 'N016', 'O039', 1, 1),
('correo003', 'G016', 'N016', 'O040', 1, 1),
('correo003', 'G016', 'N016', 'O041', 1, 2),
('correo003', 'G016', 'N016', 'O042', 3, 4),
('correo003', 'G016', 'N016', 'O043', 1, 3),
('correo005', 'G001', 'N001', 'O054', 2, 4),
('correo005', 'G001', 'N001', 'O055', 3, 3),
('correo005', 'G001', 'N001', 'O056', 2, 4),
('correo005', 'G001', 'N001', 'O057', 1, 3),
('correo005', 'G001', 'N001', 'O058', 3, 3),
('correo005', 'G007', 'N007', 'O034', 1, 2),
('correo005', 'G007', 'N007', 'O035', 3, 3),
('correo005', 'G007', 'N007', 'O036', 2, 2),
('correo005', 'G007', 'N007', 'O037', 1, 1),
('correo005', 'G007', 'N007', 'O038', 2, 2),
('correo005', 'G015', 'N015', 'O049', 2, 2),
('correo005', 'G015', 'N015', 'O050', 2, 2),
('correo005', 'G015', 'N015', 'O051', 1, 1),
('correo005', 'G015', 'N015', 'O052', 2, 2),
('correo005', 'G015', 'N015', 'O053', 2, 4),
('correo006', 'G004', 'N004', 'O069', 2, 4),
('correo006', 'G004', 'N004', 'O070', 1, 1),
('correo006', 'G004', 'N004', 'O071', 1, 3),
('correo006', 'G004', 'N004', 'O072', 2, 2),
('correo006', 'G004', 'N004', 'O073', 1, 4),
('correo006', 'G005', 'N005', 'O029', 3, 3),
('correo006', 'G005', 'N005', 'O030', 1, 4),
('correo006', 'G005', 'N005', 'O031', 3, 3),
('correo006', 'G005', 'N005', 'O032', 2, 3),
('correo006', 'G005', 'N005', 'O033', 1, 2),
('correo006', 'G008', 'N017', 'O019', 1, 1),
('correo006', 'G008', 'N017', 'O020', 1, 3),
('correo006', 'G008', 'N017', 'O021', 3, 3),
('correo006', 'G008', 'N017', 'O022', 2, 2),
('correo006', 'G008', 'N017', 'O023', 1, 1),
('correo006', 'G009', 'N010', 'O084', 1, 3),
('correo006', 'G009', 'N010', 'O085', 1, 1),
('correo006', 'G009', 'N010', 'O086', 2, 3),
('correo006', 'G009', 'N010', 'O087', 1, 2),
('correo006', 'G009', 'N010', 'O088', 1, 2),
('correo006', 'G011', 'N012', 'O104', 4, 4),
('correo006', 'G011', 'N012', 'O105', 1, 3),
('correo006', 'G011', 'N012', 'O106', 2, 4),
('correo006', 'G011', 'N012', 'O107', 2, 2),
('correo006', 'G011', 'N012', 'O108', 1, 3),
('correo006', 'G014', 'N014', 'O001', 4, 4),
('correo006', 'G014', 'N014', 'O002', 2, 4),
('correo006', 'G014', 'N014', 'O003', 2, 2),
('correo006', 'G014', 'N014', 'O004', 1, 2),
('correo006', 'G014', 'N014', 'O005', 2, 3),
('correo006', 'G014', 'N014', 'O006', 3, 5),
('correo006', 'G014', 'N014', 'O007', 2, 3),
('correo006', 'G014', 'N014', 'O008', 1, 1),
('correo006', 'G014', 'N014', 'O009', 1, 2),
('correo006', 'G014', 'N014', 'O010', 1, 3),
('correo006', 'G014', 'N014', 'O011', 1, 1),
('correo006', 'G014', 'N014', 'O012', 1, 2),
('correo006', 'G014', 'N014', 'O013', 1, 3),
('correo007', 'G008', 'N008', 'O014', 1, 1),
('correo007', 'G008', 'N008', 'O015', 1, 4),
('correo007', 'G008', 'N008', 'O016', 1, 1),
('correo007', 'G008', 'N008', 'O017', 2, 4),
('correo007', 'G008', 'N008', 'O018', 3, 5),
('correo007', 'G009', 'N020', 'O089', 2, 2),
('correo007', 'G009', 'N020', 'O090', 2, 3),
('correo007', 'G009', 'N020', 'O091', 2, 2),
('correo007', 'G009', 'N020', 'O092', 1, 2),
('correo007', 'G009', 'N020', 'O093', 2, 4),
('correo007', 'G011', 'N021', 'O109', 3, 3),
('correo007', 'G011', 'N021', 'O110', 4, 4),
('correo007', 'G011', 'N021', 'O111', 3, 3),
('correo007', 'G011', 'N021', 'O112', 2, 2),
('correo007', 'G011', 'N021', 'O113', 3, 5),
('correo007', 'G014', 'N025', 'O129', 1, 3),
('correo007', 'G014', 'N025', 'O130', 1, 5),
('correo007', 'G014', 'N025', 'O131', 3, 4),
('correo007', 'G014', 'N025', 'O132', 1, 2),
('correo007', 'G014', 'N025', 'O133', 1, 1),
('correo008', 'G003', 'N003', 'O064', 1, 1),
('correo008', 'G003', 'N003', 'O065', 3, 4),
('correo008', 'G003', 'N003', 'O066', 1, 2),
('correo008', 'G003', 'N003', 'O067', 1, 3),
('correo008', 'G003', 'N003', 'O068', 1, 2),
('correo008', 'G009', 'N009', 'O079', 2, 2),
('correo008', 'G009', 'N009', 'O080', 2, 2),
('correo008', 'G009', 'N009', 'O081', 1, 1),
('correo008', 'G009', 'N009', 'O082', 1, 3),
('correo008', 'G009', 'N009', 'O083', 1, 4),
('correo008', 'G011', 'N022', 'O114', 2, 3),
('correo008', 'G011', 'N022', 'O115', 3, 4),
('correo008', 'G011', 'N022', 'O116', 3, 5),
('correo008', 'G011', 'N022', 'O117', 1, 3),
('correo008', 'G011', 'N022', 'O118', 4, 5),
('correo008', 'G014', 'N026', 'O134', 3, 3),
('correo008', 'G014', 'N026', 'O135', 1, 4),
('correo008', 'G014', 'N026', 'O136', 4, 4),
('correo008', 'G014', 'N026', 'O137', 2, 3),
('correo008', 'G014', 'N026', 'O138', 1, 2),
('correo009', 'G009', 'N010', 'O084', 2, 3),
('correo009', 'G009', 'N010', 'O085', 2, 2),
('correo009', 'G009', 'N010', 'O086', 2, 3),
('correo009', 'G009', 'N010', 'O087', 2, 3),
('correo009', 'G009', 'N010', 'O088', 1, 3),
('correo010', 'G004', 'N003', 'O064', 3, 4),
('correo010', 'G004', 'N003', 'O065', 3, 3),
('correo010', 'G004', 'N003', 'O066', 1, 1),
('correo010', 'G004', 'N003', 'O067', 2, 2),
('correo010', 'G004', 'N003', 'O068', 1, 2),
('correo010', 'G009', 'N020', 'O089', 3, 3),
('correo010', 'G009', 'N020', 'O090', 1, 2),
('correo010', 'G009', 'N020', 'O091', 3, 3),
('correo010', 'G009', 'N020', 'O092', 1, 2),
('correo010', 'G009', 'N020', 'O093', 1, 2),
('correo010', 'G011', 'N011', 'O099', 2, 3),
('correo010', 'G011', 'N011', 'O100', 1, 1),
('correo010', 'G011', 'N011', 'O101', 2, 2),
('correo010', 'G011', 'N011', 'O102', 3, 3),
('correo010', 'G011', 'N011', 'O103', 2, 3),
('correo010', 'G018', 'N018', 'O024', 1, 1),
('correo010', 'G018', 'N018', 'O025', 1, 2),
('correo010', 'G018', 'N018', 'O026', 1, 1),
('correo010', 'G018', 'N018', 'O027', 1, 1),
('correo010', 'G018', 'N018', 'O028', 2, 3),
('correo011', 'G005', 'N005', 'O029', 3, 3),
('correo011', 'G005', 'N005', 'O030', 1, 2),
('correo011', 'G005', 'N005', 'O031', 1, 1),
('correo011', 'G005', 'N005', 'O032', 2, 2),
('correo011', 'G005', 'N005', 'O033', 3, 4),
('correo011', 'G008', 'N017', 'O019', 1, 2),
('correo011', 'G008', 'N017', 'O020', 1, 4),
('correo011', 'G008', 'N017', 'O021', 1, 3),
('correo011', 'G008', 'N017', 'O022', 3, 4),
('correo011', 'G008', 'N017', 'O023', 1, 1),
('correo011', 'G009', 'N009', 'O079', 2, 4),
('correo011', 'G009', 'N009', 'O080', 1, 1),
('correo011', 'G009', 'N009', 'O081', 2, 3),
('correo011', 'G009', 'N009', 'O082', 2, 2),
('correo011', 'G009', 'N009', 'O083', 3, 3),
('correo011', 'G011', 'N012', 'O104', 2, 2),
('correo011', 'G011', 'N012', 'O105', 2, 2),
('correo011', 'G011', 'N012', 'O106', 3, 3),
('correo011', 'G011', 'N012', 'O107', 2, 2),
('correo011', 'G011', 'N012', 'O108', 1, 2),
('correo011', 'G014', 'N014', 'O001', 1, 2),
('correo011', 'G014', 'N014', 'O002', 1, 5),
('correo011', 'G014', 'N014', 'O003', 1, 1),
('correo011', 'G014', 'N014', 'O004', 2, 2),
('correo011', 'G014', 'N014', 'O005', 4, 4),
('correo011', 'G014', 'N014', 'O006', 1, 4),
('correo011', 'G014', 'N014', 'O007', 4, 4),
('correo011', 'G014', 'N014', 'O008', 2, 2),
('correo011', 'G014', 'N014', 'O009', 1, 4),
('correo011', 'G014', 'N014', 'O010', 2, 2),
('correo011', 'G014', 'N014', 'O011', 1, 3),
('correo011', 'G014', 'N014', 'O012', 2, 3),
('correo011', 'G014', 'N014', 'O013', 1, 4),
('correo011', 'G016', 'N016', 'O039', 1, 2),
('correo011', 'G016', 'N016', 'O040', 2, 3),
('correo011', 'G016', 'N016', 'O041', 2, 4),
('correo011', 'G016', 'N016', 'O042', 2, 3),
('correo011', 'G016', 'N016', 'O043', 1, 2),
('correo012', 'G005', 'N005', 'O029', 2, 2),
('correo012', 'G005', 'N005', 'O030', 3, 4),
('correo012', 'G005', 'N005', 'O031', 2, 3),
('correo012', 'G005', 'N005', 'O032', 1, 1),
('correo012', 'G005', 'N005', 'O033', 3, 4),
('correo012', 'G014', 'N025', 'O129', 1, 1),
('correo012', 'G014', 'N025', 'O130', 1, 3),
('correo012', 'G014', 'N025', 'O131', 2, 3),
('correo012', 'G014', 'N025', 'O132', 2, 2),
('correo012', 'G014', 'N025', 'O133', 2, 5),
('correo013', 'G007', 'N007', 'O034', 1, 1),
('correo013', 'G007', 'N007', 'O035', 1, 2),
('correo013', 'G007', 'N007', 'O036', 1, 1),
('correo013', 'G007', 'N007', 'O037', 1, 2),
('correo013', 'G007', 'N007', 'O038', 3, 4),
('correo014', 'G004', 'N003', 'O064', 1, 2),
('correo014', 'G004', 'N003', 'O065', 1, 2),
('correo014', 'G004', 'N003', 'O066', 2, 3),
('correo014', 'G004', 'N003', 'O067', 1, 1),
('correo014', 'G004', 'N003', 'O068', 1, 1),
('correo014', 'G005', 'N005', 'O029', 1, 3),
('correo014', 'G005', 'N005', 'O030', 2, 4),
('correo014', 'G005', 'N005', 'O031', 1, 2),
('correo014', 'G005', 'N005', 'O032', 2, 2),
('correo014', 'G005', 'N005', 'O033', 1, 2),
('correo014', 'G008', 'N008', 'O014', 2, 5),
('correo014', 'G008', 'N008', 'O015', 1, 1),
('correo014', 'G008', 'N008', 'O016', 3, 3),
('correo014', 'G008', 'N008', 'O017', 2, 3),
('correo014', 'G008', 'N008', 'O018', 3, 3),
('correo014', 'G008', 'N017', 'O019', 1, 2),
('correo014', 'G008', 'N017', 'O020', 1, 3),
('correo014', 'G008', 'N017', 'O021', 2, 3),
('correo014', 'G008', 'N017', 'O022', 1, 1),
('correo014', 'G008', 'N017', 'O023', 2, 3),
('correo014', 'G009', 'N010', 'O084', 1, 1),
('correo014', 'G009', 'N010', 'O085', 2, 3),
('correo014', 'G009', 'N010', 'O086', 1, 1),
('correo014', 'G009', 'N010', 'O087', 2, 3),
('correo014', 'G009', 'N010', 'O088', 2, 2),
('correo014', 'G011', 'N021', 'O109', 2, 5),
('correo014', 'G011', 'N021', 'O110', 1, 4),
('correo014', 'G011', 'N021', 'O111', 1, 2),
('correo014', 'G011', 'N021', 'O112', 2, 2),
('correo014', 'G011', 'N021', 'O113', 2, 3),
('correo014', 'G014', 'N026', 'O134', 2, 3),
('correo014', 'G014', 'N026', 'O135', 2, 2),
('correo014', 'G014', 'N026', 'O136', 2, 2),
('correo014', 'G014', 'N026', 'O137', 3, 4),
('correo014', 'G014', 'N026', 'O138', 2, 2),
('correo014', 'G016', 'N016', 'O039', 1, 1),
('correo014', 'G016', 'N016', 'O040', 1, 2),
('correo014', 'G016', 'N016', 'O041', 1, 2),
('correo014', 'G016', 'N016', 'O042', 1, 3),
('correo014', 'G016', 'N016', 'O043', 1, 2),
('correo015', 'G009', 'N020', 'O089', 2, 2),
('correo015', 'G009', 'N020', 'O090', 1, 1),
('correo015', 'G009', 'N020', 'O091', 2, 2),
('correo015', 'G009', 'N020', 'O092', 1, 2),
('correo015', 'G009', 'N020', 'O093', 2, 2),
('correo015', 'G011', 'N022', 'O114', 1, 3),
('correo015', 'G011', 'N022', 'O115', 1, 1),
('correo015', 'G011', 'N022', 'O116', 1, 3),
('correo015', 'G011', 'N022', 'O117', 3, 4),
('correo015', 'G011', 'N022', 'O118', 2, 3),
('correo015', 'G014', 'N014', 'O001', 1, 1),
('correo015', 'G014', 'N014', 'O002', 1, 2),
('correo015', 'G014', 'N014', 'O003', 1, 4),
('correo015', 'G014', 'N014', 'O004', 2, 2),
('correo015', 'G014', 'N014', 'O005', 1, 3),
('correo015', 'G014', 'N014', 'O006', 1, 3),
('correo015', 'G014', 'N014', 'O007', 3, 4),
('correo015', 'G014', 'N014', 'O008', 3, 4),
('correo015', 'G014', 'N014', 'O009', 1, 1),
('correo015', 'G014', 'N014', 'O010', 2, 4),
('correo015', 'G014', 'N014', 'O011', 3, 3),
('correo015', 'G014', 'N014', 'O012', 2, 3),
('correo015', 'G014', 'N014', 'O013', 2, 2),
('correo015', 'G015', 'N015', 'O049', 1, 2),
('correo015', 'G015', 'N015', 'O050', 2, 3),
('correo015', 'G015', 'N015', 'O051', 2, 2),
('correo015', 'G015', 'N015', 'O052', 2, 3),
('correo015', 'G015', 'N015', 'O053', 2, 4),
('correo016', 'G006', 'N006', 'O044', 2, 2),
('correo016', 'G006', 'N006', 'O045', 1, 3),
('correo016', 'G006', 'N006', 'O046', 2, 4),
('correo016', 'G006', 'N006', 'O047', 1, 2),
('correo016', 'G006', 'N006', 'O048', 1, 2),
('correo017', 'G009', 'N009', 'O079', 1, 2),
('correo017', 'G009', 'N009', 'O080', 2, 3),
('correo017', 'G009', 'N009', 'O081', 1, 3),
('correo017', 'G009', 'N009', 'O082', 1, 2),
('correo017', 'G009', 'N009', 'O083', 1, 3),
('correo018', 'G003', 'N002', 'O059', 2, 2),
('correo018', 'G003', 'N002', 'O060', 1, 2),
('correo018', 'G003', 'N002', 'O061', 2, 2),
('correo018', 'G003', 'N002', 'O062', 1, 3),
('correo018', 'G003', 'N002', 'O063', 2, 3),
('correo018', 'G009', 'N010', 'O084', 1, 3),
('correo018', 'G009', 'N010', 'O085', 1, 3),
('correo018', 'G009', 'N010', 'O086', 1, 2),
('correo018', 'G009', 'N010', 'O087', 1, 3),
('correo018', 'G009', 'N010', 'O088', 2, 2),
('correo018', 'G018', 'N018', 'O024', 1, 1),
('correo018', 'G018', 'N018', 'O025', 2, 2),
('correo018', 'G018', 'N018', 'O026', 2, 2),
('correo018', 'G018', 'N018', 'O027', 1, 3),
('correo018', 'G018', 'N018', 'O028', 1, 1),
('correo019', 'G009', 'N020', 'O089', 2, 3),
('correo019', 'G009', 'N020', 'O090', 1, 1),
('correo019', 'G009', 'N020', 'O091', 3, 3),
('correo019', 'G009', 'N020', 'O092', 1, 2),
('correo019', 'G009', 'N020', 'O093', 2, 3),
('correo020', 'G009', 'N009', 'O079', 3, 3),
('correo020', 'G009', 'N009', 'O080', 3, 3),
('correo020', 'G009', 'N009', 'O081', 2, 2),
('correo020', 'G009', 'N009', 'O082', 1, 3),
('correo020', 'G009', 'N009', 'O083', 2, 3),
('correo020', 'G011', 'N011', 'O099', 2, 3),
('correo020', 'G011', 'N011', 'O100', 2, 2),
('correo020', 'G011', 'N011', 'O101', 4, 5),
('correo020', 'G011', 'N011', 'O102', 3, 3),
('correo020', 'G011', 'N011', 'O103', 2, 2),
('correo020', 'G014', 'N025', 'O129', 1, 2),
('correo020', 'G014', 'N025', 'O130', 1, 2),
('correo020', 'G014', 'N025', 'O131', 1, 2),
('correo020', 'G014', 'N025', 'O132', 4, 4),
('correo020', 'G014', 'N025', 'O133', 1, 5),
('correo021', 'G001', 'N003', 'O064', 1, 1),
('correo021', 'G001', 'N003', 'O065', 1, 2),
('correo021', 'G001', 'N003', 'O066', 2, 3),
('correo021', 'G001', 'N003', 'O067', 1, 1),
('correo021', 'G001', 'N003', 'O068', 1, 3),
('correo021', 'G015', 'N015', 'O049', 1, 2),
('correo021', 'G015', 'N015', 'O050', 2, 3),
('correo021', 'G015', 'N015', 'O051', 2, 2),
('correo021', 'G015', 'N015', 'O052', 1, 1),
('correo021', 'G015', 'N015', 'O053', 2, 3),
('correo022', 'G005', 'N005', 'O029', 1, 4),
('correo022', 'G005', 'N005', 'O030', 3, 4),
('correo022', 'G005', 'N005', 'O031', 1, 1),
('correo022', 'G005', 'N005', 'O032', 1, 3),
('correo022', 'G005', 'N005', 'O033', 1, 2),
('correo022', 'G008', 'N008', 'O014', 2, 4),
('correo022', 'G008', 'N008', 'O015', 1, 1),
('correo022', 'G008', 'N008', 'O016', 1, 1),
('correo022', 'G008', 'N008', 'O017', 2, 2),
('correo022', 'G008', 'N008', 'O018', 1, 2),
('correo022', 'G014', 'N026', 'O134', 1, 1),
('correo022', 'G014', 'N026', 'O135', 1, 3),
('correo022', 'G014', 'N026', 'O136', 2, 2),
('correo022', 'G014', 'N026', 'O137', 2, 3),
('correo022', 'G014', 'N026', 'O138', 4, 4),
('correo023', 'G008', 'N008', 'O014', 1, 1),
('correo023', 'G008', 'N008', 'O015', 3, 5),
('correo023', 'G008', 'N008', 'O016', 2, 3),
('correo023', 'G008', 'N008', 'O017', 3, 4),
('correo023', 'G008', 'N008', 'O018', 3, 3),
('correo023', 'G009', 'N010', 'O084', 2, 3),
('correo023', 'G009', 'N010', 'O085', 2, 3),
('correo023', 'G009', 'N010', 'O086', 2, 2),
('correo023', 'G009', 'N010', 'O087', 2, 3),
('correo023', 'G009', 'N010', 'O088', 1, 3),
('correo023', 'G011', 'N012', 'O104', 3, 3),
('correo023', 'G011', 'N012', 'O105', 4, 4),
('correo023', 'G011', 'N012', 'O106', 3, 5),
('correo023', 'G011', 'N012', 'O107', 1, 3),
('correo023', 'G011', 'N012', 'O108', 2, 5),
('correo024', 'G002', 'N003', 'O064', 1, 2),
('correo024', 'G002', 'N003', 'O065', 2, 4),
('correo024', 'G002', 'N003', 'O066', 1, 3),
('correo024', 'G002', 'N003', 'O067', 2, 2),
('correo024', 'G002', 'N003', 'O068', 2, 4),
('correo024', 'G009', 'N020', 'O089', 1, 1),
('correo024', 'G009', 'N020', 'O090', 3, 3),
('correo024', 'G009', 'N020', 'O091', 1, 4),
('correo024', 'G009', 'N020', 'O092', 2, 2),
('correo024', 'G009', 'N020', 'O093', 1, 1),
('correo024', 'G014', 'N014', 'O001', 1, 5),
('correo024', 'G014', 'N014', 'O002', 2, 2),
('correo024', 'G014', 'N014', 'O003', 3, 3),
('correo024', 'G014', 'N014', 'O004', 1, 3),
('correo024', 'G014', 'N014', 'O005', 1, 2),
('correo024', 'G014', 'N014', 'O006', 4, 4),
('correo024', 'G014', 'N014', 'O007', 4, 4),
('correo024', 'G014', 'N014', 'O008', 4, 4),
('correo024', 'G014', 'N014', 'O009', 3, 4),
('correo024', 'G014', 'N014', 'O010', 2, 4),
('correo024', 'G014', 'N014', 'O011', 1, 1),
('correo024', 'G014', 'N014', 'O012', 2, 3),
('correo024', 'G014', 'N014', 'O013', 1, 5),
('correo024', 'G018', 'N018', 'O024', 1, 2),
('correo024', 'G018', 'N018', 'O025', 1, 1),
('correo024', 'G018', 'N018', 'O026', 1, 4),
('correo024', 'G018', 'N018', 'O027', 1, 3),
('correo024', 'G018', 'N018', 'O028', 1, 2),
('correo025', 'G001', 'N001', 'O054', 1, 4),
('correo025', 'G001', 'N001', 'O055', 2, 2),
('correo025', 'G001', 'N001', 'O056', 2, 3),
('correo025', 'G001', 'N001', 'O057', 2, 2),
('correo025', 'G001', 'N001', 'O058', 1, 2),
('correo025', 'G007', 'N007', 'O034', 2, 3),
('correo025', 'G007', 'N007', 'O035', 2, 2),
('correo025', 'G007', 'N007', 'O036', 2, 2),
('correo025', 'G007', 'N007', 'O037', 2, 4),
('correo025', 'G007', 'N007', 'O038', 3, 3),
('correo025', 'G015', 'N015', 'O049', 1, 4),
('correo025', 'G015', 'N015', 'O050', 1, 4),
('correo025', 'G015', 'N015', 'O051', 1, 2),
('correo025', 'G015', 'N015', 'O052', 1, 1),
('correo025', 'G015', 'N015', 'O053', 1, 4),
('correo026', 'G003', 'N003', 'O064', 1, 1),
('correo026', 'G003', 'N003', 'O065', 1, 1),
('correo026', 'G003', 'N003', 'O066', 3, 3),
('correo026', 'G003', 'N003', 'O067', 2, 4),
('correo026', 'G003', 'N003', 'O068', 3, 4),
('correo026', 'G004', 'N002', 'O059', 2, 3),
('correo026', 'G004', 'N002', 'O060', 1, 2),
('correo026', 'G004', 'N002', 'O061', 2, 2),
('correo026', 'G004', 'N002', 'O062', 1, 4),
('correo026', 'G004', 'N002', 'O063', 1, 1),
('correo026', 'G008', 'N023', 'O119', 2, 2),
('correo026', 'G008', 'N023', 'O120', 2, 3),
('correo026', 'G008', 'N023', 'O121', 2, 5),
('correo026', 'G008', 'N023', 'O122', 1, 3),
('correo026', 'G008', 'N023', 'O123', 2, 2),
('correo026', 'G009', 'N009', 'O079', 1, 1),
('correo026', 'G009', 'N009', 'O080', 1, 3),
('correo026', 'G009', 'N009', 'O081', 3, 3),
('correo026', 'G009', 'N009', 'O082', 1, 2),
('correo026', 'G009', 'N009', 'O083', 1, 1),
('correo027', 'G005', 'N005', 'O029', 1, 3),
('correo027', 'G005', 'N005', 'O030', 1, 1),
('correo027', 'G005', 'N005', 'O031', 1, 3),
('correo027', 'G005', 'N005', 'O032', 2, 2),
('correo027', 'G005', 'N005', 'O033', 1, 2),
('correo027', 'G008', 'N017', 'O019', 1, 1),
('correo027', 'G008', 'N017', 'O020', 1, 1),
('correo027', 'G008', 'N017', 'O021', 3, 4),
('correo027', 'G008', 'N017', 'O022', 1, 1),
('correo027', 'G008', 'N017', 'O023', 2, 2),
('correo027', 'G009', 'N010', 'O084', 3, 4),
('correo027', 'G009', 'N010', 'O085', 1, 4),
('correo027', 'G009', 'N010', 'O086', 2, 4),
('correo027', 'G009', 'N010', 'O087', 1, 1),
('correo027', 'G009', 'N010', 'O088', 3, 3),
('correo027', 'G011', 'N021', 'O109', 4, 4),
('correo027', 'G011', 'N021', 'O110', 1, 4),
('correo027', 'G011', 'N021', 'O111', 1, 4),
('correo027', 'G011', 'N021', 'O112', 1, 2),
('correo027', 'G011', 'N021', 'O113', 2, 2),
('correo027', 'G014', 'N025', 'O129', 3, 3),
('correo027', 'G014', 'N025', 'O130', 1, 3),
('correo027', 'G014', 'N025', 'O131', 4, 4),
('correo027', 'G014', 'N025', 'O132', 2, 2),
('correo027', 'G014', 'N025', 'O133', 1, 3),
('correo027', 'G016', 'N016', 'O039', 1, 3),
('correo027', 'G016', 'N016', 'O040', 1, 1),
('correo027', 'G016', 'N016', 'O041', 2, 2),
('correo027', 'G016', 'N016', 'O042', 3, 4),
('correo027', 'G016', 'N016', 'O043', 2, 3),
('correo028', 'G004', 'N001', 'O054', 3, 3),
('correo028', 'G004', 'N001', 'O055', 2, 3),
('correo028', 'G004', 'N001', 'O056', 2, 3),
('correo028', 'G004', 'N001', 'O057', 1, 2),
('correo028', 'G004', 'N001', 'O058', 2, 3),
('correo028', 'G009', 'N020', 'O089', 2, 3),
('correo028', 'G009', 'N020', 'O090', 1, 1),
('correo028', 'G009', 'N020', 'O091', 2, 2),
('correo028', 'G009', 'N020', 'O092', 2, 4),
('correo028', 'G009', 'N020', 'O093', 1, 2),
('correo028', 'G011', 'N022', 'O114', 1, 4),
('correo028', 'G011', 'N022', 'O115', 2, 3),
('correo028', 'G011', 'N022', 'O116', 1, 4),
('correo028', 'G011', 'N022', 'O117', 1, 1),
('correo028', 'G011', 'N022', 'O118', 2, 2),
('correo029', 'G005', 'N005', 'O029', 2, 2),
('correo029', 'G005', 'N005', 'O030', 1, 4),
('correo029', 'G005', 'N005', 'O031', 2, 3),
('correo029', 'G005', 'N005', 'O032', 3, 3),
('correo029', 'G005', 'N005', 'O033', 3, 3),
('correo029', 'G008', 'N017', 'O019', 3, 3),
('correo029', 'G008', 'N017', 'O020', 1, 2),
('correo029', 'G008', 'N017', 'O021', 1, 2),
('correo029', 'G008', 'N017', 'O022', 2, 3),
('correo029', 'G008', 'N017', 'O023', 1, 3),
('correo029', 'G008', 'N023', 'O119', 1, 4),
('correo029', 'G008', 'N023', 'O120', 1, 2),
('correo029', 'G008', 'N023', 'O121', 3, 4),
('correo029', 'G008', 'N023', 'O122', 4, 5),
('correo029', 'G008', 'N023', 'O123', 1, 5),
('correo029', 'G009', 'N009', 'O079', 3, 3),
('correo029', 'G009', 'N009', 'O080', 1, 4),
('correo029', 'G009', 'N009', 'O081', 2, 3),
('correo029', 'G009', 'N009', 'O082', 2, 3),
('correo029', 'G009', 'N009', 'O083', 1, 2),
('correo029', 'G011', 'N011', 'O099', 1, 3),
('correo029', 'G011', 'N011', 'O100', 4, 4),
('correo029', 'G011', 'N011', 'O101', 1, 1),
('correo029', 'G011', 'N011', 'O102', 1, 1),
('correo029', 'G011', 'N011', 'O103', 1, 3),
('correo029', 'G014', 'N026', 'O134', 1, 3),
('correo029', 'G014', 'N026', 'O135', 1, 1),
('correo029', 'G014', 'N026', 'O136', 1, 3),
('correo029', 'G014', 'N026', 'O137', 2, 2),
('correo029', 'G014', 'N026', 'O138', 2, 2),
('correo030', 'G002', 'N002', 'O059', 1, 1),
('correo030', 'G002', 'N002', 'O060', 1, 2),
('correo030', 'G002', 'N002', 'O061', 1, 3),
('correo030', 'G002', 'N002', 'O062', 1, 1),
('correo030', 'G002', 'N002', 'O063', 1, 3),
('correo030', 'G008', 'N017', 'O019', 1, 4),
('correo030', 'G008', 'N017', 'O020', 1, 2),
('correo030', 'G008', 'N017', 'O021', 1, 1),
('correo030', 'G008', 'N017', 'O022', 3, 3),
('correo030', 'G008', 'N017', 'O023', 2, 3),
('correo030', 'G009', 'N010', 'O084', 1, 2),
('correo030', 'G009', 'N010', 'O085', 1, 4),
('correo030', 'G009', 'N010', 'O086', 1, 2),
('correo030', 'G009', 'N010', 'O087', 3, 4),
('correo030', 'G009', 'N010', 'O088', 2, 3),
('correo031', 'G008', 'N008', 'O014', 1, 5),
('correo031', 'G008', 'N008', 'O015', 2, 2),
('correo031', 'G008', 'N008', 'O016', 1, 4),
('correo031', 'G008', 'N008', 'O017', 3, 3),
('correo031', 'G008', 'N008', 'O018', 2, 5),
('correo031', 'G010', 'N009', 'O079', 1, 3),
('correo031', 'G010', 'N009', 'O080', 1, 1),
('correo031', 'G010', 'N009', 'O081', 1, 2),
('correo031', 'G010', 'N009', 'O082', 1, 3),
('correo031', 'G010', 'N009', 'O083', 1, 2),
('correo031', 'G014', 'N014', 'O001', 2, 3),
('correo031', 'G014', 'N014', 'O002', 2, 3),
('correo031', 'G014', 'N014', 'O003', 3, 3),
('correo031', 'G014', 'N014', 'O004', 2, 2),
('correo031', 'G014', 'N014', 'O005', 4, 4),
('correo031', 'G014', 'N014', 'O006', 1, 2),
('correo031', 'G014', 'N014', 'O007', 2, 2),
('correo031', 'G014', 'N014', 'O008', 1, 4),
('correo031', 'G014', 'N014', 'O009', 4, 5),
('correo031', 'G014', 'N014', 'O010', 1, 1),
('correo031', 'G014', 'N014', 'O011', 1, 1),
('correo031', 'G014', 'N014', 'O012', 1, 3),
('correo031', 'G014', 'N014', 'O013', 1, 1),
('correo032', 'G006', 'N006', 'O044', 1, 2),
('correo032', 'G006', 'N006', 'O045', 1, 1),
('correo032', 'G006', 'N006', 'O046', 1, 1),
('correo032', 'G006', 'N006', 'O047', 3, 3),
('correo032', 'G006', 'N006', 'O048', 1, 2),
('correo032', 'G015', 'N015', 'O049', 3, 4),
('correo032', 'G015', 'N015', 'O050', 3, 3),
('correo032', 'G015', 'N015', 'O051', 2, 2),
('correo032', 'G015', 'N015', 'O052', 1, 2),
('correo032', 'G015', 'N015', 'O053', 1, 4),
('correo033', 'G003', 'N001', 'O054', 3, 4),
('correo033', 'G003', 'N001', 'O055', 2, 4),
('correo033', 'G003', 'N001', 'O056', 1, 1),
('correo033', 'G003', 'N001', 'O057', 1, 2),
('correo033', 'G003', 'N001', 'O058', 1, 2),
('correo033', 'G004', 'N002', 'O059', 1, 3),
('correo033', 'G004', 'N002', 'O060', 2, 2),
('correo033', 'G004', 'N002', 'O061', 3, 4),
('correo033', 'G004', 'N002', 'O062', 1, 3),
('correo033', 'G004', 'N002', 'O063', 3, 4),
('correo033', 'G010', 'N010', 'O084', 3, 3),
('correo033', 'G010', 'N010', 'O085', 2, 3),
('correo033', 'G010', 'N010', 'O086', 1, 1),
('correo033', 'G010', 'N010', 'O087', 1, 3),
('correo033', 'G010', 'N010', 'O088', 1, 3),
('correo033', 'G011', 'N012', 'O104', 1, 1),
('correo033', 'G011', 'N012', 'O105', 1, 2),
('correo033', 'G011', 'N012', 'O106', 1, 1),
('correo033', 'G011', 'N012', 'O107', 3, 4),
('correo033', 'G011', 'N012', 'O108', 1, 4),
('correo033', 'G014', 'N025', 'O129', 2, 3),
('correo033', 'G014', 'N025', 'O130', 1, 1),
('correo033', 'G014', 'N025', 'O131', 2, 4),
('correo033', 'G014', 'N025', 'O132', 1, 1),
('correo033', 'G014', 'N025', 'O133', 2, 5),
('correo033', 'G016', 'N016', 'O039', 2, 3),
('correo033', 'G016', 'N016', 'O040', 2, 2),
('correo033', 'G016', 'N016', 'O041', 1, 1),
('correo033', 'G016', 'N016', 'O042', 2, 2),
('correo033', 'G016', 'N016', 'O043', 2, 4),
('correo033', 'G018', 'N018', 'O024', 1, 3),
('correo033', 'G018', 'N018', 'O025', 3, 3),
('correo033', 'G018', 'N018', 'O026', 1, 1),
('correo033', 'G018', 'N018', 'O027', 1, 3),
('correo033', 'G018', 'N018', 'O028', 2, 2),
('correo034', 'G008', 'N008', 'O014', 1, 2),
('correo034', 'G008', 'N008', 'O015', 2, 3),
('correo034', 'G008', 'N008', 'O016', 3, 4),
('correo034', 'G008', 'N008', 'O017', 2, 2),
('correo034', 'G008', 'N008', 'O018', 2, 2),
('correo035', 'G010', 'N020', 'O089', 3, 3),
('correo035', 'G010', 'N020', 'O090', 3, 4),
('correo035', 'G010', 'N020', 'O091', 1, 2),
('correo035', 'G010', 'N020', 'O092', 2, 2),
('correo035', 'G010', 'N020', 'O093', 1, 3),
('correo035', 'G014', 'N026', 'O134', 3, 4),
('correo035', 'G014', 'N026', 'O135', 3, 4),
('correo035', 'G014', 'N026', 'O136', 1, 4),
('correo035', 'G014', 'N026', 'O137', 1, 2),
('correo035', 'G014', 'N026', 'O138', 1, 5),
('correo036', 'G010', 'N009', 'O079', 2, 3),
('correo036', 'G010', 'N009', 'O080', 2, 4),
('correo036', 'G010', 'N009', 'O081', 2, 2),
('correo036', 'G010', 'N009', 'O082', 1, 1),
('correo036', 'G010', 'N009', 'O083', 1, 1),
('correo036', 'G015', 'N015', 'O049', 1, 1),
('correo036', 'G015', 'N015', 'O050', 1, 4),
('correo036', 'G015', 'N015', 'O051', 2, 2),
('correo036', 'G015', 'N015', 'O052', 1, 1),
('correo036', 'G015', 'N015', 'O053', 1, 1),
('correo037', 'G003', 'N004', 'O069', 1, 2),
('correo037', 'G003', 'N004', 'O070', 1, 1),
('correo037', 'G003', 'N004', 'O071', 1, 1),
('correo037', 'G003', 'N004', 'O072', 1, 3),
('correo037', 'G003', 'N004', 'O073', 3, 3),
('correo037', 'G010', 'N010', 'O084', 1, 2),
('correo037', 'G010', 'N010', 'O085', 3, 4),
('correo037', 'G010', 'N010', 'O086', 2, 3),
('correo037', 'G010', 'N010', 'O087', 2, 2),
('correo037', 'G010', 'N010', 'O088', 1, 2),
('correo038', 'G014', 'N014', 'O001', 2, 4),
('correo038', 'G014', 'N014', 'O002', 2, 2),
('correo038', 'G014', 'N014', 'O003', 2, 4),
('correo038', 'G014', 'N014', 'O004', 1, 4),
('correo038', 'G014', 'N014', 'O005', 4, 4),
('correo038', 'G014', 'N014', 'O006', 4, 4),
('correo038', 'G014', 'N014', 'O007', 2, 4),
('correo038', 'G014', 'N014', 'O008', 1, 1),
('correo038', 'G014', 'N014', 'O009', 1, 3),
('correo038', 'G014', 'N014', 'O010', 2, 4),
('correo038', 'G014', 'N014', 'O011', 1, 2),
('correo038', 'G014', 'N014', 'O012', 2, 2),
('correo038', 'G014', 'N014', 'O013', 2, 4),
('correo039', 'G001', 'N002', 'O059', 1, 1),
('correo039', 'G001', 'N002', 'O060', 2, 2),
('correo039', 'G001', 'N002', 'O061', 2, 2),
('correo039', 'G001', 'N002', 'O062', 2, 3),
('correo039', 'G001', 'N002', 'O063', 1, 1),
('correo040', 'G007', 'N007', 'O034', 3, 3),
('correo040', 'G007', 'N007', 'O035', 2, 4),
('correo040', 'G007', 'N007', 'O036', 1, 1),
('correo040', 'G007', 'N007', 'O037', 1, 2),
('correo040', 'G007', 'N007', 'O038', 1, 3),
('correo040', 'G015', 'N015', 'O049', 3, 3),
('correo040', 'G015', 'N015', 'O050', 1, 1),
('correo040', 'G015', 'N015', 'O051', 2, 4),
('correo040', 'G015', 'N015', 'O052', 1, 1),
('correo040', 'G015', 'N015', 'O053', 1, 4),
('correo041', 'G010', 'N020', 'O089', 2, 3),
('correo041', 'G010', 'N020', 'O090', 1, 1),
('correo041', 'G010', 'N020', 'O091', 1, 2),
('correo041', 'G010', 'N020', 'O092', 2, 3),
('correo041', 'G010', 'N020', 'O093', 3, 4),
('correo041', 'G011', 'N021', 'O109', 1, 2),
('correo041', 'G011', 'N021', 'O110', 1, 1),
('correo041', 'G011', 'N021', 'O111', 2, 4),
('correo041', 'G011', 'N021', 'O112', 1, 1),
('correo041', 'G011', 'N021', 'O113', 3, 3),
('correo042', 'G010', 'N009', 'O079', 1, 2),
('correo042', 'G010', 'N009', 'O080', 1, 1),
('correo042', 'G010', 'N009', 'O081', 2, 4),
('correo042', 'G010', 'N009', 'O082', 1, 1),
('correo042', 'G010', 'N009', 'O083', 1, 1),
('correo042', 'G014', 'N025', 'O129', 1, 2),
('correo042', 'G014', 'N025', 'O130', 2, 4),
('correo042', 'G014', 'N025', 'O131', 3, 3),
('correo042', 'G014', 'N025', 'O132', 1, 3),
('correo042', 'G014', 'N025', 'O133', 2, 3),
('correo043', 'G001', 'N003', 'O064', 2, 3),
('correo043', 'G001', 'N003', 'O065', 3, 3),
('correo043', 'G001', 'N003', 'O066', 2, 3),
('correo043', 'G001', 'N003', 'O067', 1, 1),
('correo043', 'G001', 'N003', 'O068', 1, 3),
('correo043', 'G007', 'N007', 'O034', 1, 2),
('correo043', 'G007', 'N007', 'O035', 2, 3),
('correo043', 'G007', 'N007', 'O036', 1, 1),
('correo043', 'G007', 'N007', 'O037', 2, 2),
('correo043', 'G007', 'N007', 'O038', 1, 1),
('correo044', 'G007', 'N007', 'O034', 3, 3),
('correo044', 'G007', 'N007', 'O035', 1, 2),
('correo044', 'G007', 'N007', 'O036', 2, 3),
('correo044', 'G007', 'N007', 'O037', 1, 1),
('correo044', 'G007', 'N007', 'O038', 1, 1),
('correo044', 'G015', 'N015', 'O049', 1, 3),
('correo044', 'G015', 'N015', 'O050', 1, 3),
('correo044', 'G015', 'N015', 'O051', 1, 2),
('correo044', 'G015', 'N015', 'O052', 2, 2),
('correo044', 'G015', 'N015', 'O053', 2, 2),
('correo045', 'G004', 'N004', 'O069', 3, 3),
('correo045', 'G004', 'N004', 'O070', 2, 2),
('correo045', 'G004', 'N004', 'O071', 1, 3),
('correo045', 'G004', 'N004', 'O072', 2, 2),
('correo045', 'G004', 'N004', 'O073', 2, 4),
('correo045', 'G005', 'N005', 'O029', 2, 2),
('correo045', 'G005', 'N005', 'O030', 1, 2),
('correo045', 'G005', 'N005', 'O031', 1, 3),
('correo045', 'G005', 'N005', 'O032', 2, 4),
('correo045', 'G005', 'N005', 'O033', 2, 3),
('correo045', 'G008', 'N023', 'O119', 1, 3),
('correo045', 'G008', 'N023', 'O120', 2, 4),
('correo045', 'G008', 'N023', 'O121', 2, 3),
('correo045', 'G008', 'N023', 'O122', 3, 3),
('correo045', 'G008', 'N023', 'O123', 1, 1),
('correo045', 'G010', 'N010', 'O084', 1, 1),
('correo045', 'G010', 'N010', 'O085', 3, 4),
('correo045', 'G010', 'N010', 'O086', 1, 2),
('correo045', 'G010', 'N010', 'O087', 3, 3),
('correo045', 'G010', 'N010', 'O088', 3, 3),
('correo045', 'G011', 'N022', 'O114', 2, 3),
('correo045', 'G011', 'N022', 'O115', 1, 3),
('correo045', 'G011', 'N022', 'O116', 4, 4),
('correo045', 'G011', 'N022', 'O117', 1, 2),
('correo045', 'G011', 'N022', 'O118', 2, 2),
('correo045', 'G014', 'N026', 'O134', 2, 4),
('correo045', 'G014', 'N026', 'O135', 1, 1),
('correo045', 'G014', 'N026', 'O136', 3, 3),
('correo045', 'G014', 'N026', 'O137', 3, 3),
('correo045', 'G014', 'N026', 'O138', 2, 3),
('correo045', 'G018', 'N018', 'O024', 1, 1),
('correo045', 'G018', 'N018', 'O025', 1, 3),
('correo045', 'G018', 'N018', 'O026', 2, 2),
('correo045', 'G018', 'N018', 'O027', 2, 3),
('correo045', 'G018', 'N018', 'O028', 3, 4),
('correo046', 'G002', 'N001', 'O054', 3, 3),
('correo046', 'G002', 'N001', 'O055', 2, 3),
('correo046', 'G002', 'N001', 'O056', 1, 2),
('correo046', 'G002', 'N001', 'O057', 3, 3),
('correo046', 'G002', 'N001', 'O058', 3, 4),
('correo046', 'G008', 'N023', 'O119', 1, 1),
('correo046', 'G008', 'N023', 'O120', 2, 4),
('correo046', 'G008', 'N023', 'O121', 2, 4),
('correo046', 'G008', 'N023', 'O122', 3, 5),
('correo046', 'G008', 'N023', 'O123', 2, 2),
('correo046', 'G010', 'N020', 'O089', 1, 1),
('correo046', 'G010', 'N020', 'O090', 1, 3),
('correo046', 'G010', 'N020', 'O091', 1, 1),
('correo046', 'G010', 'N020', 'O092', 1, 3),
('correo046', 'G010', 'N020', 'O093', 1, 2),
('correo046', 'G018', 'N018', 'O024', 3, 4),
('correo046', 'G018', 'N018', 'O025', 2, 3),
('correo046', 'G018', 'N018', 'O026', 1, 3),
('correo046', 'G018', 'N018', 'O027', 1, 3),
('correo046', 'G018', 'N018', 'O028', 1, 2),
('correo047', 'G003', 'N001', 'O054', 3, 4),
('correo047', 'G003', 'N001', 'O055', 2, 4),
('correo047', 'G003', 'N001', 'O056', 1, 2),
('correo047', 'G003', 'N001', 'O057', 3, 3),
('correo047', 'G003', 'N001', 'O058', 1, 1),
('correo047', 'G010', 'N009', 'O079', 1, 2),
('correo047', 'G010', 'N009', 'O080', 1, 1),
('correo047', 'G010', 'N009', 'O081', 1, 4),
('correo047', 'G010', 'N009', 'O082', 1, 2),
('correo047', 'G010', 'N009', 'O083', 2, 3),
('correo047', 'G011', 'N011', 'O099', 1, 3),
('correo047', 'G011', 'N011', 'O100', 3, 3),
('correo047', 'G011', 'N011', 'O101', 4, 5),
('correo047', 'G011', 'N011', 'O102', 1, 2),
('correo047', 'G011', 'N011', 'O103', 3, 3),
('correo048', 'G006', 'N006', 'O044', 1, 2),
('correo048', 'G006', 'N006', 'O045', 1, 1),
('correo048', 'G006', 'N006', 'O046', 1, 2),
('correo048', 'G006', 'N006', 'O047', 2, 2),
('correo048', 'G006', 'N006', 'O048', 2, 2),
('correo048', 'G008', 'N023', 'O119', 1, 1),
('correo048', 'G008', 'N023', 'O120', 1, 3),
('correo048', 'G008', 'N023', 'O121', 1, 2),
('correo048', 'G008', 'N023', 'O122', 2, 2),
('correo048', 'G008', 'N023', 'O123', 2, 4),
('correo048', 'G010', 'N010', 'O084', 2, 3),
('correo048', 'G010', 'N010', 'O085', 2, 3),
('correo048', 'G010', 'N010', 'O086', 3, 3),
('correo048', 'G010', 'N010', 'O087', 1, 3),
('correo048', 'G010', 'N010', 'O088', 2, 2),
('correo048', 'G011', 'N012', 'O104', 2, 3),
('correo048', 'G011', 'N012', 'O105', 2, 2),
('correo048', 'G011', 'N012', 'O106', 2, 2),
('correo048', 'G011', 'N012', 'O107', 2, 4),
('correo048', 'G011', 'N012', 'O108', 1, 1),
('correo048', 'G014', 'N014', 'O001', 2, 2),
('correo048', 'G014', 'N014', 'O002', 1, 1),
('correo048', 'G014', 'N014', 'O003', 3, 3),
('correo048', 'G014', 'N014', 'O004', 3, 5),
('correo048', 'G014', 'N014', 'O005', 2, 2),
('correo048', 'G014', 'N014', 'O006', 2, 2),
('correo048', 'G014', 'N014', 'O007', 2, 3),
('correo048', 'G014', 'N014', 'O008', 1, 4),
('correo048', 'G014', 'N014', 'O009', 3, 4),
('correo048', 'G014', 'N014', 'O010', 3, 4),
('correo048', 'G014', 'N014', 'O011', 2, 3),
('correo048', 'G014', 'N014', 'O012', 1, 2),
('correo048', 'G014', 'N014', 'O013', 2, 2),
('correo049', 'G002', 'N004', 'O069', 1, 2),
('correo049', 'G002', 'N004', 'O070', 1, 1),
('correo049', 'G002', 'N004', 'O071', 1, 3),
('correo049', 'G002', 'N004', 'O072', 1, 2),
('correo049', 'G002', 'N004', 'O073', 3, 3),
('correo049', 'G003', 'N002', 'O059', 3, 3),
('correo049', 'G003', 'N002', 'O060', 1, 3),
('correo049', 'G003', 'N002', 'O061', 1, 3),
('correo049', 'G003', 'N002', 'O062', 3, 4),
('correo049', 'G003', 'N002', 'O063', 2, 2),
('correo049', 'G010', 'N020', 'O089', 1, 3),
('correo049', 'G010', 'N020', 'O090', 2, 2),
('correo049', 'G010', 'N020', 'O091', 1, 1),
('correo049', 'G010', 'N020', 'O092', 1, 1),
('correo049', 'G010', 'N020', 'O093', 1, 1),
('correo049', 'G014', 'N025', 'O129', 2, 2),
('correo049', 'G014', 'N025', 'O130', 3, 3),
('correo049', 'G014', 'N025', 'O131', 1, 2),
('correo049', 'G014', 'N025', 'O132', 2, 2),
('correo049', 'G014', 'N025', 'O133', 1, 2),
('correo050', 'G002', 'N003', 'O064', 1, 1),
('correo050', 'G002', 'N003', 'O065', 3, 3),
('correo050', 'G002', 'N003', 'O066', 2, 3),
('correo050', 'G002', 'N003', 'O067', 3, 3),
('correo050', 'G002', 'N003', 'O068', 2, 2),
('correo050', 'G008', 'N023', 'O119', 2, 4),
('correo050', 'G008', 'N023', 'O120', 2, 4),
('correo050', 'G008', 'N023', 'O121', 1, 1),
('correo050', 'G008', 'N023', 'O122', 1, 4),
('correo050', 'G008', 'N023', 'O123', 2, 2),
('correo050', 'G010', 'N009', 'O079', 1, 2),
('correo050', 'G010', 'N009', 'O080', 1, 1),
('correo050', 'G010', 'N009', 'O081', 2, 3),
('correo050', 'G010', 'N009', 'O082', 1, 4),
('correo050', 'G010', 'N009', 'O083', 1, 3),
('correo051', 'G001', 'N004', 'O069', 3, 3),
('correo051', 'G001', 'N004', 'O070', 1, 1),
('correo051', 'G001', 'N004', 'O071', 1, 1),
('correo051', 'G001', 'N004', 'O072', 3, 3),
('correo051', 'G001', 'N004', 'O073', 2, 4),
('correo051', 'G003', 'N003', 'O064', 1, 3),
('correo051', 'G003', 'N003', 'O065', 2, 2),
('correo051', 'G003', 'N003', 'O066', 2, 3),
('correo051', 'G003', 'N003', 'O067', 2, 2),
('correo051', 'G003', 'N003', 'O068', 2, 3),
('correo051', 'G008', 'N008', 'O014', 1, 4),
('correo051', 'G008', 'N008', 'O015', 3, 3),
('correo051', 'G008', 'N008', 'O016', 3, 4),
('correo051', 'G008', 'N008', 'O017', 1, 1),
('correo051', 'G008', 'N008', 'O018', 3, 3),
('correo051', 'G011', 'N021', 'O109', 1, 4),
('correo051', 'G011', 'N021', 'O110', 1, 1),
('correo051', 'G011', 'N021', 'O111', 2, 3),
('correo051', 'G011', 'N021', 'O112', 2, 4),
('correo051', 'G011', 'N021', 'O113', 4, 4),
('correo051', 'G014', 'N026', 'O134', 3, 4),
('correo051', 'G014', 'N026', 'O135', 1, 1),
('correo051', 'G014', 'N026', 'O136', 3, 3),
('correo051', 'G014', 'N026', 'O137', 2, 4),
('correo051', 'G014', 'N026', 'O138', 1, 5),
('correo051', 'G018', 'N018', 'O024', 1, 4),
('correo051', 'G018', 'N018', 'O025', 1, 1),
('correo051', 'G018', 'N018', 'O026', 1, 2),
('correo051', 'G018', 'N018', 'O027', 2, 2),
('correo051', 'G018', 'N018', 'O028', 2, 2),
('correo053', 'G004', 'N001', 'O054', 2, 2),
('correo053', 'G004', 'N001', 'O055', 1, 4),
('correo053', 'G004', 'N001', 'O056', 2, 2),
('correo053', 'G004', 'N001', 'O057', 1, 4),
('correo053', 'G004', 'N001', 'O058', 3, 4),
('correo053', 'G006', 'N006', 'O044', 1, 1),
('correo053', 'G006', 'N006', 'O045', 1, 1),
('correo053', 'G006', 'N006', 'O046', 2, 2),
('correo053', 'G006', 'N006', 'O047', 2, 2),
('correo053', 'G006', 'N006', 'O048', 2, 3),
('correo053', 'G010', 'N010', 'O084', 2, 3),
('correo053', 'G010', 'N010', 'O085', 2, 3),
('correo053', 'G010', 'N010', 'O086', 3, 3),
('correo053', 'G010', 'N010', 'O087', 1, 2),
('correo053', 'G010', 'N010', 'O088', 2, 4),
('correo053', 'G012', 'N011', 'O099', 3, 3),
('correo053', 'G012', 'N011', 'O100', 3, 3),
('correo053', 'G012', 'N011', 'O101', 2, 3),
('correo053', 'G012', 'N011', 'O102', 2, 2),
('correo053', 'G012', 'N011', 'O103', 1, 1),
('correo053', 'G015', 'N015', 'O049', 1, 1),
('correo053', 'G015', 'N015', 'O050', 1, 2),
('correo053', 'G015', 'N015', 'O051', 1, 2),
('correo053', 'G015', 'N015', 'O052', 1, 2),
('correo053', 'G015', 'N015', 'O053', 1, 1),
('correo054', 'G002', 'N001', 'O054', 2, 2),
('correo054', 'G002', 'N001', 'O055', 1, 1),
('correo054', 'G002', 'N001', 'O056', 1, 2),
('correo054', 'G002', 'N001', 'O057', 2, 4),
('correo054', 'G002', 'N001', 'O058', 1, 2),
('correo054', 'G008', 'N008', 'O014', 1, 1),
('correo054', 'G008', 'N008', 'O015', 3, 3),
('correo054', 'G008', 'N008', 'O016', 1, 4),
('correo054', 'G008', 'N008', 'O017', 1, 1),
('correo054', 'G008', 'N008', 'O018', 4, 4),
('correo054', 'G010', 'N020', 'O089', 2, 3),
('correo054', 'G010', 'N020', 'O090', 1, 1),
('correo054', 'G010', 'N020', 'O091', 1, 1),
('correo054', 'G010', 'N020', 'O092', 3, 3),
('correo054', 'G010', 'N020', 'O093', 3, 3),
('correo054', 'G014', 'N025', 'O129', 1, 2),
('correo054', 'G014', 'N025', 'O130', 1, 1),
('correo054', 'G014', 'N025', 'O131', 1, 1),
('correo054', 'G014', 'N025', 'O132', 3, 3),
('correo054', 'G014', 'N025', 'O133', 1, 1),
('correo055', 'G007', 'N007', 'O034', 1, 2),
('correo055', 'G007', 'N007', 'O035', 3, 3),
('correo055', 'G007', 'N007', 'O036', 1, 1),
('correo055', 'G007', 'N007', 'O037', 2, 3),
('correo055', 'G007', 'N007', 'O038', 3, 3),
('correo055', 'G015', 'N015', 'O049', 1, 1),
('correo055', 'G015', 'N015', 'O050', 1, 1),
('correo055', 'G015', 'N015', 'O051', 1, 1),
('correo055', 'G015', 'N015', 'O052', 1, 2),
('correo055', 'G015', 'N015', 'O053', 1, 2),
('correo056', 'G001', 'N001', 'O054', 1, 3),
('correo056', 'G001', 'N001', 'O055', 1, 4),
('correo056', 'G001', 'N001', 'O056', 2, 4),
('correo056', 'G001', 'N001', 'O057', 1, 1),
('correo056', 'G001', 'N001', 'O058', 3, 3),
('correo056', 'G007', 'N007', 'O034', 2, 2),
('correo056', 'G007', 'N007', 'O035', 2, 4),
('correo056', 'G007', 'N007', 'O036', 3, 4),
('correo056', 'G007', 'N007', 'O037', 2, 2),
('correo056', 'G007', 'N007', 'O038', 2, 2),
('correo056', 'G015', 'N015', 'O049', 3, 3),
('correo056', 'G015', 'N015', 'O050', 1, 4),
('correo056', 'G015', 'N015', 'O051', 1, 1),
('correo056', 'G015', 'N015', 'O052', 1, 3),
('correo056', 'G015', 'N015', 'O053', 2, 2),
('correo056', 'G018', 'N018', 'O024', 1, 3),
('correo056', 'G018', 'N018', 'O025', 2, 3),
('correo056', 'G018', 'N018', 'O026', 3, 4),
('correo056', 'G018', 'N018', 'O027', 1, 1),
('correo056', 'G018', 'N018', 'O028', 3, 3),
('correo057', 'G007', 'N007', 'O034', 2, 3),
('correo057', 'G007', 'N007', 'O035', 2, 2),
('correo057', 'G007', 'N007', 'O036', 1, 3),
('correo057', 'G007', 'N007', 'O037', 2, 3),
('correo057', 'G007', 'N007', 'O038', 3, 3),
('correo058', 'G010', 'N009', 'O079', 1, 1),
('correo058', 'G010', 'N009', 'O080', 2, 2),
('correo058', 'G010', 'N009', 'O081', 1, 3),
('correo058', 'G010', 'N009', 'O082', 2, 2),
('correo058', 'G010', 'N009', 'O083', 2, 2),
('correo059', 'G004', 'N001', 'O054', 1, 1),
('correo059', 'G004', 'N001', 'O055', 2, 3),
('correo059', 'G004', 'N001', 'O056', 1, 1),
('correo059', 'G004', 'N001', 'O057', 2, 2),
('correo059', 'G004', 'N001', 'O058', 2, 2),
('correo059', 'G010', 'N010', 'O084', 1, 3),
('correo059', 'G010', 'N010', 'O085', 1, 2),
('correo059', 'G010', 'N010', 'O086', 2, 2),
('correo059', 'G010', 'N010', 'O087', 1, 3),
('correo059', 'G010', 'N010', 'O088', 1, 3),
('correo059', 'G012', 'N012', 'O104', 2, 2),
('correo059', 'G012', 'N012', 'O105', 1, 2),
('correo059', 'G012', 'N012', 'O106', 1, 2),
('correo059', 'G012', 'N012', 'O107', 1, 1),
('correo059', 'G012', 'N012', 'O108', 3, 3),
('correo059', 'G014', 'N026', 'O134', 1, 3),
('correo059', 'G014', 'N026', 'O135', 2, 3),
('correo059', 'G014', 'N026', 'O136', 3, 4),
('correo059', 'G014', 'N026', 'O137', 4, 5),
('correo059', 'G014', 'N026', 'O138', 2, 2),
('correo060', 'G006', 'N006', 'O044', 1, 1),
('correo060', 'G006', 'N006', 'O045', 1, 3),
('correo060', 'G006', 'N006', 'O046', 2, 2),
('correo060', 'G006', 'N006', 'O047', 2, 3),
('correo060', 'G006', 'N006', 'O048', 1, 2),
('correo060', 'G007', 'N007', 'O034', 1, 1),
('correo060', 'G007', 'N007', 'O035', 1, 2),
('correo060', 'G007', 'N007', 'O036', 3, 3),
('correo060', 'G007', 'N007', 'O037', 2, 3),
('correo060', 'G007', 'N007', 'O038', 1, 2),
('correo061', 'G010', 'N020', 'O089', 1, 1),
('correo061', 'G010', 'N020', 'O090', 2, 2),
('correo061', 'G010', 'N020', 'O091', 3, 3),
('correo061', 'G010', 'N020', 'O092', 2, 3),
('correo061', 'G010', 'N020', 'O093', 2, 2),
('correo061', 'G014', 'N014', 'O001', 2, 4),
('correo061', 'G014', 'N014', 'O002', 2, 4),
('correo061', 'G014', 'N014', 'O003', 2, 2),
('correo061', 'G014', 'N014', 'O004', 1, 1),
('correo061', 'G014', 'N014', 'O005', 2, 2),
('correo061', 'G014', 'N014', 'O006', 1, 4),
('correo061', 'G014', 'N014', 'O007', 4, 4),
('correo061', 'G014', 'N014', 'O008', 1, 4),
('correo061', 'G014', 'N014', 'O009', 1, 2),
('correo061', 'G014', 'N014', 'O010', 1, 5),
('correo061', 'G014', 'N014', 'O011', 2, 4),
('correo061', 'G014', 'N014', 'O012', 2, 4),
('correo061', 'G014', 'N014', 'O013', 1, 2),
('correo061', 'G018', 'N018', 'O024', 3, 3),
('correo061', 'G018', 'N018', 'O025', 3, 4),
('correo061', 'G018', 'N018', 'O026', 3, 3),
('correo061', 'G018', 'N018', 'O027', 2, 2),
('correo061', 'G018', 'N018', 'O028', 1, 1),
('correo062', 'G010', 'N009', 'O079', 1, 2),
('correo062', 'G010', 'N009', 'O080', 3, 4),
('correo062', 'G010', 'N009', 'O081', 2, 4),
('correo062', 'G010', 'N009', 'O082', 1, 1),
('correo062', 'G010', 'N009', 'O083', 3, 3),
('correo062', 'G012', 'N021', 'O109', 1, 1),
('correo062', 'G012', 'N021', 'O110', 2, 4),
('correo062', 'G012', 'N021', 'O111', 2, 3),
('correo062', 'G012', 'N021', 'O112', 2, 3),
('correo062', 'G012', 'N021', 'O113', 3, 4),
('correo062', 'G014', 'N025', 'O129', 3, 3),
('correo062', 'G014', 'N025', 'O130', 1, 1),
('correo062', 'G014', 'N025', 'O131', 2, 3),
('correo062', 'G014', 'N025', 'O132', 1, 1),
('correo062', 'G014', 'N025', 'O133', 1, 3),
('correo062', 'G016', 'N016', 'O039', 1, 2),
('correo062', 'G016', 'N016', 'O040', 2, 3),
('correo062', 'G016', 'N016', 'O041', 2, 3),
('correo062', 'G016', 'N016', 'O042', 3, 3),
('correo062', 'G016', 'N016', 'O043', 2, 2),
('correo063', 'G001', 'N002', 'O059', 2, 3),
('correo063', 'G001', 'N002', 'O060', 1, 2),
('correo063', 'G001', 'N002', 'O061', 2, 3),
('correo063', 'G001', 'N002', 'O062', 1, 3),
('correo063', 'G001', 'N002', 'O063', 1, 3),
('correo063', 'G008', 'N023', 'O119', 1, 2),
('correo063', 'G008', 'N023', 'O120', 3, 3),
('correo063', 'G008', 'N023', 'O121', 1, 1),
('correo063', 'G008', 'N023', 'O122', 1, 2),
('correo063', 'G008', 'N023', 'O123', 2, 5),
('correo063', 'G010', 'N010', 'O084', 2, 2),
('correo063', 'G010', 'N010', 'O085', 2, 2),
('correo063', 'G010', 'N010', 'O086', 2, 3),
('correo063', 'G010', 'N010', 'O087', 1, 3),
('correo063', 'G010', 'N010', 'O088', 1, 3),
('correo063', 'G012', 'N022', 'O114', 1, 1),
('correo063', 'G012', 'N022', 'O115', 1, 1),
('correo063', 'G012', 'N022', 'O116', 1, 1),
('correo063', 'G012', 'N022', 'O117', 1, 3),
('correo063', 'G012', 'N022', 'O118', 2, 2),
('correo063', 'G015', 'N015', 'O049', 1, 2),
('correo063', 'G015', 'N015', 'O050', 1, 3),
('correo063', 'G015', 'N015', 'O051', 2, 4),
('correo063', 'G015', 'N015', 'O052', 1, 2),
('correo063', 'G015', 'N015', 'O053', 1, 4),
('correo064', 'G006', 'N006', 'O044', 1, 2),
('correo064', 'G006', 'N006', 'O045', 2, 2),
('correo064', 'G006', 'N006', 'O046', 2, 2),
('correo064', 'G006', 'N006', 'O047', 2, 2),
('correo064', 'G006', 'N006', 'O048', 2, 3),
('correo065', 'G012', 'N011', 'O099', 3, 3),
('correo065', 'G012', 'N011', 'O100', 2, 3),
('correo065', 'G012', 'N011', 'O101', 3, 3),
('correo065', 'G012', 'N011', 'O102', 2, 3),
('correo065', 'G012', 'N011', 'O103', 2, 2),
('correo065', 'G014', 'N026', 'O134', 2, 2),
('correo065', 'G014', 'N026', 'O135', 4, 5),
('correo065', 'G014', 'N026', 'O136', 3, 4),
('correo065', 'G014', 'N026', 'O137', 1, 3),
('correo065', 'G014', 'N026', 'O138', 1, 2),
('correo065', 'G018', 'N018', 'O024', 1, 3),
('correo065', 'G018', 'N018', 'O025', 2, 3),
('correo065', 'G018', 'N018', 'O026', 2, 2),
('correo065', 'G018', 'N018', 'O027', 2, 2),
('correo065', 'G018', 'N018', 'O028', 1, 1),
('correo065', 'G020', 'N009', 'O079', 1, 4),
('correo065', 'G020', 'N009', 'O080', 1, 2),
('correo065', 'G020', 'N009', 'O081', 1, 3),
('correo065', 'G020', 'N009', 'O082', 1, 4),
('correo065', 'G020', 'N009', 'O083', 2, 4),
('correo066', 'G005', 'N005', 'O029', 2, 4),
('correo066', 'G005', 'N005', 'O030', 1, 2),
('correo066', 'G005', 'N005', 'O031', 1, 3),
('correo066', 'G005', 'N005', 'O032', 1, 2),
('correo066', 'G005', 'N005', 'O033', 1, 4),
('correo066', 'G012', 'N012', 'O104', 2, 3),
('correo066', 'G012', 'N012', 'O105', 2, 2),
('correo066', 'G012', 'N012', 'O106', 1, 3),
('correo066', 'G012', 'N012', 'O107', 1, 1),
('correo066', 'G012', 'N012', 'O108', 1, 3),
('correo066', 'G014', 'N014', 'O001', 1, 4),
('correo066', 'G014', 'N014', 'O002', 2, 2),
('correo066', 'G014', 'N014', 'O003', 2, 4),
('correo066', 'G014', 'N014', 'O004', 3, 4),
('correo066', 'G014', 'N014', 'O005', 1, 1),
('correo066', 'G014', 'N014', 'O006', 3, 3),
('correo066', 'G014', 'N014', 'O007', 1, 1),
('correo066', 'G014', 'N014', 'O008', 4, 5),
('correo066', 'G014', 'N014', 'O009', 3, 4),
('correo066', 'G014', 'N014', 'O010', 2, 4),
('correo066', 'G014', 'N014', 'O011', 3, 4),
('correo066', 'G014', 'N014', 'O012', 2, 2),
('correo066', 'G014', 'N014', 'O013', 1, 1),
('correo066', 'G020', 'N010', 'O084', 2, 2),
('correo066', 'G020', 'N010', 'O085', 3, 3),
('correo066', 'G020', 'N010', 'O086', 1, 1),
('correo066', 'G020', 'N010', 'O087', 1, 3),
('correo066', 'G020', 'N010', 'O088', 1, 4),
('correo067', 'G007', 'N007', 'O034', 1, 3),
('correo067', 'G007', 'N007', 'O035', 1, 2),
('correo067', 'G007', 'N007', 'O036', 3, 4),
('correo067', 'G007', 'N007', 'O037', 1, 1),
('correo067', 'G007', 'N007', 'O038', 1, 1),
('correo068', 'G012', 'N021', 'O109', 1, 3),
('correo068', 'G012', 'N021', 'O110', 2, 3),
('correo068', 'G012', 'N021', 'O111', 2, 3),
('correo068', 'G012', 'N021', 'O112', 1, 1),
('correo068', 'G012', 'N021', 'O113', 2, 3),
('correo068', 'G020', 'N020', 'O089', 1, 1),
('correo068', 'G020', 'N020', 'O090', 1, 3),
('correo068', 'G020', 'N020', 'O091', 3, 4),
('correo068', 'G020', 'N020', 'O092', 1, 2),
('correo068', 'G020', 'N020', 'O093', 1, 1),
('correo070', 'G012', 'N022', 'O114', 3, 3),
('correo070', 'G012', 'N022', 'O115', 1, 3),
('correo070', 'G012', 'N022', 'O116', 2, 2),
('correo070', 'G012', 'N022', 'O117', 1, 1),
('correo070', 'G012', 'N022', 'O118', 3, 3),
('correo070', 'G014', 'N025', 'O129', 1, 2),
('correo070', 'G014', 'N025', 'O130', 2, 4),
('correo070', 'G014', 'N025', 'O131', 3, 3),
('correo070', 'G014', 'N025', 'O132', 1, 3),
('correo070', 'G014', 'N025', 'O133', 2, 2),
('correo070', 'G020', 'N009', 'O079', 2, 2),
('correo070', 'G020', 'N009', 'O080', 2, 2),
('correo070', 'G020', 'N009', 'O081', 1, 4),
('correo070', 'G020', 'N009', 'O082', 2, 3),
('correo070', 'G020', 'N009', 'O083', 2, 4),
('correo071', 'G002', 'N004', 'O069', 1, 2),
('correo071', 'G002', 'N004', 'O070', 1, 1),
('correo071', 'G002', 'N004', 'O071', 3, 4),
('correo071', 'G002', 'N004', 'O072', 2, 3),
('correo071', 'G002', 'N004', 'O073', 3, 4),
('correo071', 'G008', 'N023', 'O119', 3, 3),
('correo071', 'G008', 'N023', 'O120', 1, 4),
('correo071', 'G008', 'N023', 'O121', 1, 2),
('correo071', 'G008', 'N023', 'O122', 3, 5),
('correo071', 'G008', 'N023', 'O123', 1, 1),
('correo071', 'G014', 'N026', 'O134', 1, 1),
('correo071', 'G014', 'N026', 'O135', 1, 2),
('correo071', 'G014', 'N026', 'O136', 4, 4),
('correo071', 'G014', 'N026', 'O137', 1, 4),
('correo071', 'G014', 'N026', 'O138', 1, 2),
('correo071', 'G020', 'N010', 'O084', 1, 4),
('correo071', 'G020', 'N010', 'O085', 2, 2),
('correo071', 'G020', 'N010', 'O086', 1, 4),
('correo071', 'G020', 'N010', 'O087', 1, 4),
('correo071', 'G020', 'N010', 'O088', 1, 1),
('correo072', 'G003', 'N001', 'O054', 1, 1),
('correo072', 'G003', 'N001', 'O055', 1, 3),
('correo072', 'G003', 'N001', 'O056', 1, 1),
('correo072', 'G003', 'N001', 'O057', 2, 2),
('correo072', 'G003', 'N001', 'O058', 2, 3),
('correo072', 'G020', 'N020', 'O089', 1, 2),
('correo072', 'G020', 'N020', 'O090', 1, 2),
('correo072', 'G020', 'N020', 'O091', 1, 4),
('correo072', 'G020', 'N020', 'O092', 1, 2),
('correo072', 'G020', 'N020', 'O093', 1, 2),
('correo073', 'G012', 'N011', 'O099', 2, 2),
('correo073', 'G012', 'N011', 'O100', 1, 2),
('correo073', 'G012', 'N011', 'O101', 1, 1),
('correo073', 'G012', 'N011', 'O102', 2, 2),
('correo073', 'G012', 'N011', 'O103', 1, 4),
('correo073', 'G020', 'N009', 'O079', 3, 3),
('correo073', 'G020', 'N009', 'O080', 3, 4),
('correo073', 'G020', 'N009', 'O081', 1, 3),
('correo073', 'G020', 'N009', 'O082', 1, 3),
('correo073', 'G020', 'N009', 'O083', 3, 4),
('correo074', 'G012', 'N012', 'O104', 1, 3),
('correo074', 'G012', 'N012', 'O105', 1, 1),
('correo074', 'G012', 'N012', 'O106', 1, 2),
('correo074', 'G012', 'N012', 'O107', 1, 2),
('correo074', 'G012', 'N012', 'O108', 3, 4),
('correo074', 'G020', 'N010', 'O084', 1, 3),
('correo074', 'G020', 'N010', 'O085', 2, 2);
INSERT INTO `participantes_grupos_objetivo` (`login`, `idGrupo`, `idNivel`, `idObjetivo`, `puntajeInicial`, `puntajeFinal`) VALUES
('correo074', 'G020', 'N010', 'O086', 1, 2),
('correo074', 'G020', 'N010', 'O087', 3, 3),
('correo074', 'G020', 'N010', 'O088', 1, 1),
('correo075', 'G004', 'N003', 'O064', 3, 4),
('correo075', 'G004', 'N003', 'O065', 1, 1),
('correo075', 'G004', 'N003', 'O066', 1, 2),
('correo075', 'G004', 'N003', 'O067', 3, 3),
('correo075', 'G004', 'N003', 'O068', 2, 2),
('correo075', 'G012', 'N021', 'O109', 3, 3),
('correo075', 'G012', 'N021', 'O110', 1, 2),
('correo075', 'G012', 'N021', 'O111', 2, 4),
('correo075', 'G012', 'N021', 'O112', 3, 3),
('correo075', 'G012', 'N021', 'O113', 1, 2),
('correo075', 'G018', 'N018', 'O024', 3, 3),
('correo075', 'G018', 'N018', 'O025', 1, 2),
('correo075', 'G018', 'N018', 'O026', 2, 2),
('correo075', 'G018', 'N018', 'O027', 3, 4),
('correo075', 'G018', 'N018', 'O028', 2, 2),
('correo075', 'G020', 'N020', 'O089', 1, 1),
('correo075', 'G020', 'N020', 'O090', 1, 4),
('correo075', 'G020', 'N020', 'O091', 1, 2),
('correo075', 'G020', 'N020', 'O092', 2, 4),
('correo075', 'G020', 'N020', 'O093', 2, 3),
('correo076', 'G007', 'N007', 'O034', 1, 1),
('correo076', 'G007', 'N007', 'O035', 2, 2),
('correo076', 'G007', 'N007', 'O036', 3, 4),
('correo076', 'G007', 'N007', 'O037', 3, 3),
('correo076', 'G007', 'N007', 'O038', 2, 3),
('correo077', 'G007', 'N007', 'O034', 1, 4),
('correo077', 'G007', 'N007', 'O035', 2, 2),
('correo077', 'G007', 'N007', 'O036', 1, 1),
('correo077', 'G007', 'N007', 'O037', 1, 2),
('correo077', 'G007', 'N007', 'O038', 2, 4),
('correo078', 'G001', 'N003', 'O064', 1, 2),
('correo078', 'G001', 'N003', 'O065', 2, 4),
('correo078', 'G001', 'N003', 'O066', 1, 2),
('correo078', 'G001', 'N003', 'O067', 1, 4),
('correo078', 'G001', 'N003', 'O068', 1, 3),
('correo078', 'G003', 'N002', 'O059', 2, 2),
('correo078', 'G003', 'N002', 'O060', 2, 2),
('correo078', 'G003', 'N002', 'O061', 2, 2),
('correo078', 'G003', 'N002', 'O062', 1, 2),
('correo078', 'G003', 'N002', 'O063', 3, 3),
('correo078', 'G007', 'N007', 'O034', 1, 1),
('correo078', 'G007', 'N007', 'O035', 2, 2),
('correo078', 'G007', 'N007', 'O036', 1, 2),
('correo078', 'G007', 'N007', 'O037', 1, 4),
('correo078', 'G007', 'N007', 'O038', 1, 1),
('correo078', 'G015', 'N015', 'O049', 2, 2),
('correo078', 'G015', 'N015', 'O050', 1, 1),
('correo078', 'G015', 'N015', 'O051', 1, 3),
('correo078', 'G015', 'N015', 'O052', 3, 4),
('correo078', 'G015', 'N015', 'O053', 2, 2),
('correo078', 'G018', 'N018', 'O024', 1, 2),
('correo078', 'G018', 'N018', 'O025', 1, 4),
('correo078', 'G018', 'N018', 'O026', 1, 2),
('correo078', 'G018', 'N018', 'O027', 1, 3),
('correo078', 'G018', 'N018', 'O028', 1, 1),
('correo079', 'G002', 'N001', 'O054', 1, 3),
('correo079', 'G002', 'N001', 'O055', 1, 4),
('correo079', 'G002', 'N001', 'O056', 1, 1),
('correo079', 'G002', 'N001', 'O057', 2, 2),
('correo079', 'G002', 'N001', 'O058', 1, 1),
('correo079', 'G014', 'N014', 'O001', 1, 2),
('correo079', 'G014', 'N014', 'O002', 2, 2),
('correo079', 'G014', 'N014', 'O003', 3, 3),
('correo079', 'G014', 'N014', 'O004', 4, 5),
('correo079', 'G014', 'N014', 'O005', 1, 2),
('correo079', 'G014', 'N014', 'O006', 1, 3),
('correo079', 'G014', 'N014', 'O007', 3, 4),
('correo079', 'G014', 'N014', 'O008', 2, 2),
('correo079', 'G014', 'N014', 'O009', 2, 2),
('correo079', 'G014', 'N014', 'O010', 1, 2),
('correo079', 'G014', 'N014', 'O011', 1, 2),
('correo079', 'G014', 'N014', 'O012', 1, 2),
('correo079', 'G014', 'N014', 'O013', 1, 1),
('correo080', 'G012', 'N022', 'O114', 2, 2),
('correo080', 'G012', 'N022', 'O115', 1, 1),
('correo080', 'G012', 'N022', 'O116', 2, 4),
('correo080', 'G012', 'N022', 'O117', 3, 4),
('correo080', 'G012', 'N022', 'O118', 1, 1),
('correo080', 'G020', 'N009', 'O079', 2, 3),
('correo080', 'G020', 'N009', 'O080', 1, 2),
('correo080', 'G020', 'N009', 'O081', 1, 1),
('correo080', 'G020', 'N009', 'O082', 1, 2),
('correo080', 'G020', 'N009', 'O083', 1, 1),
('correo081', 'G003', 'N004', 'O069', 1, 4),
('correo081', 'G003', 'N004', 'O070', 3, 3),
('correo081', 'G003', 'N004', 'O071', 2, 2),
('correo081', 'G003', 'N004', 'O072', 3, 3),
('correo081', 'G003', 'N004', 'O073', 2, 2),
('correo081', 'G006', 'N006', 'O044', 3, 3),
('correo081', 'G006', 'N006', 'O045', 1, 2),
('correo081', 'G006', 'N006', 'O046', 1, 3),
('correo081', 'G006', 'N006', 'O047', 1, 3),
('correo081', 'G006', 'N006', 'O048', 1, 4),
('correo081', 'G012', 'N011', 'O099', 1, 3),
('correo081', 'G012', 'N011', 'O100', 1, 3),
('correo081', 'G012', 'N011', 'O101', 1, 1),
('correo081', 'G012', 'N011', 'O102', 1, 2),
('correo081', 'G012', 'N011', 'O103', 1, 2),
('correo081', 'G014', 'N025', 'O129', 3, 4),
('correo081', 'G014', 'N025', 'O130', 1, 2),
('correo081', 'G014', 'N025', 'O131', 1, 1),
('correo081', 'G014', 'N025', 'O132', 1, 2),
('correo081', 'G014', 'N025', 'O133', 2, 3),
('correo082', 'G001', 'N002', 'O059', 1, 2),
('correo082', 'G001', 'N002', 'O060', 1, 4),
('correo082', 'G001', 'N002', 'O061', 1, 3),
('correo082', 'G001', 'N002', 'O062', 1, 1),
('correo082', 'G001', 'N002', 'O063', 3, 3),
('correo082', 'G014', 'N026', 'O134', 2, 3),
('correo082', 'G014', 'N026', 'O135', 2, 2),
('correo082', 'G014', 'N026', 'O136', 1, 3),
('correo082', 'G014', 'N026', 'O137', 2, 2),
('correo082', 'G014', 'N026', 'O138', 2, 2),
('correo082', 'G015', 'N015', 'O049', 2, 3),
('correo082', 'G015', 'N015', 'O050', 1, 3),
('correo082', 'G015', 'N015', 'O051', 2, 2),
('correo082', 'G015', 'N015', 'O052', 2, 3),
('correo082', 'G015', 'N015', 'O053', 1, 3),
('correo082', 'G020', 'N010', 'O084', 1, 1),
('correo082', 'G020', 'N010', 'O085', 1, 3),
('correo082', 'G020', 'N010', 'O086', 2, 2),
('correo082', 'G020', 'N010', 'O087', 1, 1),
('correo082', 'G020', 'N010', 'O088', 2, 2),
('correo083', 'G006', 'N006', 'O044', 2, 3),
('correo083', 'G006', 'N006', 'O045', 2, 2),
('correo083', 'G006', 'N006', 'O046', 3, 3),
('correo083', 'G006', 'N006', 'O047', 1, 1),
('correo083', 'G006', 'N006', 'O048', 2, 2),
('correo083', 'G015', 'N015', 'O049', 1, 2),
('correo083', 'G015', 'N015', 'O050', 2, 3),
('correo083', 'G015', 'N015', 'O051', 2, 2),
('correo083', 'G015', 'N015', 'O052', 1, 2),
('correo083', 'G015', 'N015', 'O053', 1, 1),
('correo083', 'G018', 'N018', 'O024', 1, 2),
('correo083', 'G018', 'N018', 'O025', 2, 3),
('correo083', 'G018', 'N018', 'O026', 3, 4),
('correo083', 'G018', 'N018', 'O027', 1, 1),
('correo083', 'G018', 'N018', 'O028', 2, 3),
('correo083', 'G020', 'N020', 'O089', 2, 2),
('correo083', 'G020', 'N020', 'O090', 3, 3),
('correo083', 'G020', 'N020', 'O091', 1, 1),
('correo083', 'G020', 'N020', 'O092', 3, 4),
('correo083', 'G020', 'N020', 'O093', 3, 3),
('correo085', 'G006', 'N006', 'O044', 1, 3),
('correo085', 'G006', 'N006', 'O045', 3, 3),
('correo085', 'G006', 'N006', 'O046', 2, 2),
('correo085', 'G006', 'N006', 'O047', 1, 1),
('correo085', 'G006', 'N006', 'O048', 1, 2),
('correo085', 'G018', 'N018', 'O024', 1, 2),
('correo085', 'G018', 'N018', 'O025', 1, 2),
('correo085', 'G018', 'N018', 'O026', 2, 2),
('correo085', 'G018', 'N018', 'O027', 1, 1),
('correo085', 'G018', 'N018', 'O028', 3, 4),
('correo086', 'G002', 'N002', 'O059', 2, 3),
('correo086', 'G002', 'N002', 'O060', 2, 2),
('correo086', 'G002', 'N002', 'O061', 1, 1),
('correo086', 'G002', 'N002', 'O062', 3, 3),
('correo086', 'G002', 'N002', 'O063', 3, 4),
('correo086', 'G008', 'N008', 'O014', 1, 4),
('correo086', 'G008', 'N008', 'O015', 2, 2),
('correo086', 'G008', 'N008', 'O016', 1, 1),
('correo086', 'G008', 'N008', 'O017', 2, 2),
('correo086', 'G008', 'N008', 'O018', 2, 3),
('correo086', 'G014', 'N014', 'O001', 1, 3),
('correo086', 'G014', 'N014', 'O002', 3, 3),
('correo086', 'G014', 'N014', 'O003', 1, 2),
('correo086', 'G014', 'N014', 'O004', 4, 5),
('correo086', 'G014', 'N014', 'O005', 3, 4),
('correo086', 'G014', 'N014', 'O006', 2, 5),
('correo086', 'G014', 'N014', 'O007', 3, 4),
('correo086', 'G014', 'N014', 'O008', 2, 2),
('correo086', 'G014', 'N014', 'O009', 2, 3),
('correo086', 'G014', 'N014', 'O010', 1, 3),
('correo086', 'G014', 'N014', 'O011', 1, 1),
('correo086', 'G014', 'N014', 'O012', 1, 4),
('correo086', 'G014', 'N014', 'O013', 1, 4),
('correo086', 'G015', 'N015', 'O049', 1, 3),
('correo086', 'G015', 'N015', 'O050', 3, 4),
('correo086', 'G015', 'N015', 'O051', 1, 1),
('correo086', 'G015', 'N015', 'O052', 3, 4),
('correo086', 'G015', 'N015', 'O053', 2, 2),
('correo086', 'G020', 'N009', 'O079', 1, 2),
('correo086', 'G020', 'N009', 'O080', 2, 2),
('correo086', 'G020', 'N009', 'O081', 1, 2),
('correo086', 'G020', 'N009', 'O082', 2, 3),
('correo086', 'G020', 'N009', 'O083', 3, 3),
('correo087', 'G012', 'N012', 'O104', 2, 3),
('correo087', 'G012', 'N012', 'O105', 1, 1),
('correo087', 'G012', 'N012', 'O106', 2, 2),
('correo087', 'G012', 'N012', 'O107', 2, 4),
('correo087', 'G012', 'N012', 'O108', 1, 3),
('correo087', 'G020', 'N010', 'O084', 1, 3),
('correo087', 'G020', 'N010', 'O085', 3, 3),
('correo087', 'G020', 'N010', 'O086', 1, 1),
('correo087', 'G020', 'N010', 'O087', 3, 4),
('correo087', 'G020', 'N010', 'O088', 1, 2),
('correo088', 'G005', 'N005', 'O029', 1, 2),
('correo088', 'G005', 'N005', 'O030', 1, 4),
('correo088', 'G005', 'N005', 'O031', 1, 1),
('correo088', 'G005', 'N005', 'O032', 1, 1),
('correo088', 'G005', 'N005', 'O033', 3, 3),
('correo088', 'G014', 'N025', 'O129', 4, 4),
('correo088', 'G014', 'N025', 'O130', 2, 2),
('correo088', 'G014', 'N025', 'O131', 2, 3),
('correo088', 'G014', 'N025', 'O132', 1, 2),
('correo088', 'G014', 'N025', 'O133', 2, 4),
('correo089', 'G007', 'N007', 'O034', 3, 4),
('correo089', 'G007', 'N007', 'O035', 1, 2),
('correo089', 'G007', 'N007', 'O036', 1, 2),
('correo089', 'G007', 'N007', 'O037', 2, 3),
('correo089', 'G007', 'N007', 'O038', 2, 2),
('correo090', 'G001', 'N004', 'O069', 1, 2),
('correo090', 'G001', 'N004', 'O070', 1, 2),
('correo090', 'G001', 'N004', 'O071', 2, 4),
('correo090', 'G001', 'N004', 'O072', 1, 1),
('correo090', 'G001', 'N004', 'O073', 1, 2),
('correo090', 'G007', 'N007', 'O034', 1, 1),
('correo090', 'G007', 'N007', 'O035', 1, 1),
('correo090', 'G007', 'N007', 'O036', 2, 3),
('correo090', 'G007', 'N007', 'O037', 2, 4),
('correo090', 'G007', 'N007', 'O038', 2, 3),
('correo090', 'G015', 'N015', 'O049', 1, 3),
('correo090', 'G015', 'N015', 'O050', 1, 4),
('correo090', 'G015', 'N015', 'O051', 3, 3),
('correo090', 'G015', 'N015', 'O052', 2, 3),
('correo090', 'G015', 'N015', 'O053', 1, 1),
('correo091', 'G004', 'N002', 'O059', 2, 2),
('correo091', 'G004', 'N002', 'O060', 2, 4),
('correo091', 'G004', 'N002', 'O061', 1, 3),
('correo091', 'G004', 'N002', 'O062', 1, 2),
('correo091', 'G004', 'N002', 'O063', 2, 3),
('correo091', 'G008', 'N017', 'O019', 2, 3),
('correo091', 'G008', 'N017', 'O020', 3, 4),
('correo091', 'G008', 'N017', 'O021', 2, 3),
('correo091', 'G008', 'N017', 'O022', 1, 2),
('correo091', 'G008', 'N017', 'O023', 1, 1),
('correo091', 'G012', 'N021', 'O109', 1, 1),
('correo091', 'G012', 'N021', 'O110', 1, 3),
('correo091', 'G012', 'N021', 'O111', 1, 2),
('correo091', 'G012', 'N021', 'O112', 2, 2),
('correo091', 'G012', 'N021', 'O113', 1, 3),
('correo091', 'G014', 'N026', 'O134', 1, 3),
('correo091', 'G014', 'N026', 'O135', 2, 2),
('correo091', 'G014', 'N026', 'O136', 3, 3),
('correo091', 'G014', 'N026', 'O137', 1, 1),
('correo091', 'G014', 'N026', 'O138', 1, 2),
('correo091', 'G020', 'N020', 'O089', 2, 4),
('correo091', 'G020', 'N020', 'O090', 1, 4),
('correo091', 'G020', 'N020', 'O091', 2, 3),
('correo091', 'G020', 'N020', 'O092', 2, 4),
('correo091', 'G020', 'N020', 'O093', 2, 2),
('correo092', 'G005', 'N005', 'O029', 1, 3),
('correo092', 'G005', 'N005', 'O030', 1, 2),
('correo092', 'G005', 'N005', 'O031', 1, 3),
('correo092', 'G005', 'N005', 'O032', 2, 3),
('correo092', 'G005', 'N005', 'O033', 1, 2),
('correo092', 'G014', 'N014', 'O001', 1, 2),
('correo092', 'G014', 'N014', 'O002', 1, 5),
('correo092', 'G014', 'N014', 'O003', 2, 3),
('correo092', 'G014', 'N014', 'O004', 1, 3),
('correo092', 'G014', 'N014', 'O005', 1, 3),
('correo092', 'G014', 'N014', 'O006', 3, 3),
('correo092', 'G014', 'N014', 'O007', 1, 3),
('correo092', 'G014', 'N014', 'O008', 3, 3),
('correo092', 'G014', 'N014', 'O009', 1, 2),
('correo092', 'G014', 'N014', 'O010', 1, 2),
('correo092', 'G014', 'N014', 'O011', 3, 3),
('correo092', 'G014', 'N014', 'O012', 1, 1),
('correo092', 'G014', 'N014', 'O013', 2, 3),
('correo092', 'G020', 'N009', 'O079', 1, 2),
('correo092', 'G020', 'N009', 'O080', 3, 4),
('correo092', 'G020', 'N009', 'O081', 2, 2),
('correo092', 'G020', 'N009', 'O082', 1, 3),
('correo092', 'G020', 'N009', 'O083', 1, 4),
('correo093', 'G012', 'N022', 'O114', 3, 3),
('correo093', 'G012', 'N022', 'O115', 2, 2),
('correo093', 'G012', 'N022', 'O116', 3, 3),
('correo093', 'G012', 'N022', 'O117', 1, 1),
('correo093', 'G012', 'N022', 'O118', 1, 1),
('correo093', 'G014', 'N014', 'O001', 1, 2),
('correo093', 'G014', 'N014', 'O002', 1, 4),
('correo093', 'G014', 'N014', 'O003', 1, 1),
('correo093', 'G014', 'N014', 'O004', 2, 5),
('correo093', 'G014', 'N014', 'O005', 1, 5),
('correo093', 'G014', 'N014', 'O006', 2, 3),
('correo093', 'G014', 'N014', 'O007', 1, 1),
('correo093', 'G014', 'N014', 'O008', 1, 5),
('correo093', 'G014', 'N014', 'O009', 2, 3),
('correo093', 'G014', 'N014', 'O010', 3, 4),
('correo093', 'G014', 'N014', 'O011', 1, 1),
('correo093', 'G014', 'N014', 'O012', 4, 4),
('correo093', 'G014', 'N014', 'O013', 1, 3),
('correo093', 'G020', 'N010', 'O084', 2, 2),
('correo093', 'G020', 'N010', 'O085', 1, 3),
('correo093', 'G020', 'N010', 'O086', 2, 2),
('correo093', 'G020', 'N010', 'O087', 2, 2),
('correo093', 'G020', 'N010', 'O088', 2, 2),
('correo094', 'G007', 'N007', 'O034', 1, 1),
('correo094', 'G007', 'N007', 'O035', 1, 1),
('correo094', 'G007', 'N007', 'O036', 1, 1),
('correo094', 'G007', 'N007', 'O037', 3, 3),
('correo094', 'G007', 'N007', 'O038', 1, 2),
('correo094', 'G015', 'N015', 'O049', 1, 1),
('correo094', 'G015', 'N015', 'O050', 1, 2),
('correo094', 'G015', 'N015', 'O051', 1, 1),
('correo094', 'G015', 'N015', 'O052', 1, 1),
('correo094', 'G015', 'N015', 'O053', 1, 2),
('correo095', 'G008', 'N023', 'O119', 2, 2),
('correo095', 'G008', 'N023', 'O120', 4, 4),
('correo095', 'G008', 'N023', 'O121', 1, 4),
('correo095', 'G008', 'N023', 'O122', 1, 2),
('correo095', 'G008', 'N023', 'O123', 1, 4),
('correo095', 'G012', 'N011', 'O099', 1, 3),
('correo095', 'G012', 'N011', 'O100', 3, 4),
('correo095', 'G012', 'N011', 'O101', 3, 4),
('correo095', 'G012', 'N011', 'O102', 2, 2),
('correo095', 'G012', 'N011', 'O103', 2, 2),
('correo095', 'G015', 'N015', 'O049', 1, 3),
('correo095', 'G015', 'N015', 'O050', 1, 2),
('correo095', 'G015', 'N015', 'O051', 1, 3),
('correo095', 'G015', 'N015', 'O052', 1, 1),
('correo095', 'G015', 'N015', 'O053', 2, 2),
('correo095', 'G020', 'N020', 'O089', 1, 2),
('correo095', 'G020', 'N020', 'O090', 1, 1),
('correo095', 'G020', 'N020', 'O091', 1, 1),
('correo095', 'G020', 'N020', 'O092', 2, 2),
('correo095', 'G020', 'N020', 'O093', 1, 3),
('correo096', 'G007', 'N007', 'O034', 3, 3),
('correo096', 'G007', 'N007', 'O035', 2, 2),
('correo096', 'G007', 'N007', 'O036', 1, 3),
('correo096', 'G007', 'N007', 'O037', 1, 1),
('correo096', 'G007', 'N007', 'O038', 3, 3),
('correo096', 'G018', 'N018', 'O024', 1, 1),
('correo096', 'G018', 'N018', 'O025', 1, 4),
('correo096', 'G018', 'N018', 'O026', 3, 3),
('correo096', 'G018', 'N018', 'O027', 3, 3),
('correo096', 'G018', 'N018', 'O028', 1, 2),
('correo097', 'G015', 'N015', 'O049', 3, 4),
('correo097', 'G015', 'N015', 'O050', 2, 4),
('correo097', 'G015', 'N015', 'O051', 3, 4),
('correo097', 'G015', 'N015', 'O052', 1, 2),
('correo097', 'G015', 'N015', 'O053', 2, 2),
('correo097', 'G020', 'N009', 'O079', 2, 2),
('correo097', 'G020', 'N009', 'O080', 1, 1),
('correo097', 'G020', 'N009', 'O081', 1, 2),
('correo097', 'G020', 'N009', 'O082', 3, 4),
('correo097', 'G020', 'N009', 'O083', 1, 2),
('correo098', 'G007', 'N007', 'O034', 3, 3),
('correo098', 'G007', 'N007', 'O035', 2, 2),
('correo098', 'G007', 'N007', 'O036', 1, 2),
('correo098', 'G007', 'N007', 'O037', 1, 3),
('correo098', 'G007', 'N007', 'O038', 2, 2),
('correo099', 'G007', 'N007', 'O034', 3, 3),
('correo099', 'G007', 'N007', 'O035', 1, 2),
('correo099', 'G007', 'N007', 'O036', 1, 1),
('correo099', 'G007', 'N007', 'O037', 2, 2),
('correo099', 'G007', 'N007', 'O038', 1, 2),
('correo101', 'G002', 'N002', 'O059', 3, 3),
('correo101', 'G002', 'N002', 'O060', 1, 3),
('correo101', 'G002', 'N002', 'O061', 2, 3),
('correo101', 'G002', 'N002', 'O062', 1, 3),
('correo101', 'G002', 'N002', 'O063', 2, 2),
('correo101', 'G018', 'N018', 'O024', 1, 1),
('correo101', 'G018', 'N018', 'O025', 1, 1),
('correo101', 'G018', 'N018', 'O026', 1, 2),
('correo101', 'G018', 'N018', 'O027', 1, 1),
('correo101', 'G018', 'N018', 'O028', 1, 1),
('correo102', 'G018', 'N018', 'O024', 1, 1),
('correo102', 'G018', 'N018', 'O025', 1, 1),
('correo102', 'G018', 'N018', 'O026', 1, 2),
('correo102', 'G018', 'N018', 'O027', 1, 2),
('correo102', 'G018', 'N018', 'O028', 2, 2);

-- --------------------------------------------------------

--
-- Estructura de tabla para la tabla `programas`
--

CREATE TABLE `programas` (
  `idPrograma` char(4) COLLATE utf8_spanish2_ci NOT NULL,
  `nombrePrograma` varchar(50) COLLATE utf8_spanish2_ci NOT NULL,
  `puntajeMaximo` int(11) NOT NULL,
  `dirImagen` varchar(100) COLLATE utf8_spanish2_ci DEFAULT NULL
) ENGINE=InnoDB DEFAULT CHARSET=utf8 COLLATE=utf8_spanish2_ci;

--
-- Volcado de datos para la tabla `programas`
--

INSERT INTO `programas` (`idPrograma`, `nombrePrograma`, `puntajeMaximo`, `dirImagen`) VALUES
('P001', 'Lenguaje', 5, 'imagen1.jpg'),
('P002', 'Baile', 5, 'imagen2.jpg'),
('P003', 'Brinco salto y corro', 4, 'imagen3.jpg'),
('P004', 'Gateo y caminata', 4, 'imagen4.jpg'),
('P005', 'Terapia ocupacional', 4, 'imagen5.jpg'),
('P006', 'Lectura', 4, 'imagen6.jpg'),
('P007', 'Matemáticas', 4, 'imagen7.jpg'),
('P008', 'Escritura', 4, 'imagen8.jpg'),
('P009', 'Habilidades sociales', 4, 'imagen9.jpg'),
('P010', 'Terapia sensorial', 4, 'imagen10.jpg'),
('P011', 'Cocina', 4, 'imagen11.jpg'),
('P012', 'Soy Productivo', 4, 'imagen12.jpg'),
('P013', 'Orofacial', 4, 'imagen13.jpg'),
('P014', 'Ballet', 4, 'imagen14.jpg'),
('P015', 'Equinoterapia', 4, 'imagen15.jpg'),
('P016', 'Gimnasia rítmica', 4, 'imagen16.jpg'),
('P017', 'Postural', 4, 'imagen17.jpg'),
('P018', 'Para tae-kwondo', 4, 'imagen18.jpg'),
('P019', 'Lenguaje musica y gestos', 5, 'imagen19.jpg'),
('P020', 'Preescritura', 4, 'imagen20.jpg');

-- --------------------------------------------------------

--
-- Estructura de tabla para la tabla `roles`
--

CREATE TABLE `roles` (
  `idRol` char(3) COLLATE utf8_spanish2_ci NOT NULL,
  `nombre` varchar(30) COLLATE utf8_spanish2_ci NOT NULL
) ENGINE=InnoDB DEFAULT CHARSET=utf8 COLLATE=utf8_spanish2_ci;

--
-- Volcado de datos para la tabla `roles`
--

INSERT INTO `roles` (`idRol`, `nombre`) VALUES
('R01', 'terapeuta'),
('R02', 'terapeuta lider'),
('R03', 'participante'),
('R04', 'administrador'),
('R05', 'gestor');

-- --------------------------------------------------------

--
-- Estructura de tabla para la tabla `roles_funciones`
--

CREATE TABLE `roles_funciones` (
  `idRol` char(3) COLLATE utf8_spanish2_ci NOT NULL,
  `idfuncion` char(3) COLLATE utf8_spanish2_ci NOT NULL,
  `fechaRF` date NOT NULL
) ENGINE=InnoDB DEFAULT CHARSET=utf8 COLLATE=utf8_spanish2_ci;

--
-- Volcado de datos para la tabla `roles_funciones`
--

INSERT INTO `roles_funciones` (`idRol`, `idfuncion`, `fechaRF`) VALUES
('R01', 'F01', '2021-04-03'),
('R01', 'F02', '2021-04-03'),
('R01', 'F03', '2021-04-03'),
('R01', 'F17', '2021-04-03'),
('R01', 'F18', '2021-04-03'),
('R02', 'F01', '2021-04-03'),
('R02', 'F02', '2021-04-03'),
('R02', 'F03', '2021-04-03'),
('R02', 'F17', '2021-04-03'),
('R02', 'F18', '2021-04-03'),
('R02', 'F19', '2021-04-03'),
('R03', 'F01', '2021-04-03'),
('R03', 'F02', '2021-04-03'),
('R03', 'F03', '2021-04-03'),
('R03', 'F17', '2021-04-03'),
('R04', 'F01', '2021-04-03'),
('R04', 'F02', '2021-04-03'),
('R04', 'F03', '2021-04-03'),
('R04', 'F04', '2021-04-03'),
('R04', 'F05', '2021-04-03'),
('R04', 'F06', '2021-04-03'),
('R04', 'F07', '2021-04-03'),
('R04', 'F08', '2021-04-03'),
('R04', 'F09', '2021-04-03'),
('R04', 'F10', '2021-04-03'),
('R04', 'F11', '2021-04-03'),
('R04', 'F12', '2021-04-03'),
('R04', 'F13', '2021-04-03'),
('R04', 'F14', '2021-04-03'),
('R04', 'F15', '2021-04-03'),
('R04', 'F16', '2021-04-03'),
('R04', 'F20', '2021-04-03'),
('R05', 'F01', '2021-04-03'),
('R05', 'F02', '2021-04-03'),
('R05', 'F03', '2021-04-03'),
('R05', 'F04', '2021-04-03'),
('R05', 'F05', '2021-04-03'),
('R05', 'F06', '2021-04-03'),
('R05', 'F07', '2021-04-03'),
('R05', 'F08', '2021-04-03'),
('R05', 'F09', '2021-04-03'),
('R05', 'F10', '2021-04-03');

-- --------------------------------------------------------

--
-- Estructura de tabla para la tabla `terapeutas`
--

CREATE TABLE `terapeutas` (
  `login` varchar(50) COLLATE utf8_spanish2_ci NOT NULL,
  `titulo` varchar(50) COLLATE utf8_spanish2_ci DEFAULT NULL,
  `cv` varchar(50) COLLATE utf8_spanish2_ci DEFAULT NULL,
  `estatus` char(1) COLLATE utf8_spanish2_ci NOT NULL
) ENGINE=InnoDB DEFAULT CHARSET=utf8 COLLATE=utf8_spanish2_ci;

--
-- Volcado de datos para la tabla `terapeutas`
--

INSERT INTO `terapeutas` (`login`, `titulo`, `cv`, `estatus`) VALUES
('agonzalez@gigisplayhouse.org', NULL, NULL, 'A'),
('ccano@gigisplayhouse.org', NULL, NULL, 'A'),
('garistoy@gigisplayhouse.org', NULL, NULL, 'A'),
('jmartinez@gigisplayhouse.org', NULL, NULL, 'A'),
('karias@gigisplayhouse.org', NULL, NULL, 'A'),
('lazuara@gigisplayhouse.org', NULL, NULL, 'A'),
('mcristina@gigisplayhouse.org', NULL, NULL, 'A'),
('mnajera@gigisplayhouse.org', NULL, NULL, 'A'),
('ptornell@gigisplayhouse.org', NULL, NULL, 'A'),
('vgarcia@gigisplayhouse.org', NULL, NULL, 'A'),
('vsaracho@gigisplayhouse.org', NULL, NULL, 'A');

-- --------------------------------------------------------

--
-- Estructura de tabla para la tabla `usuarios`
--

CREATE TABLE `usuarios` (
  `login` varchar(50) COLLATE utf8_spanish2_ci NOT NULL,
  `password` varchar(30) COLLATE utf8_spanish2_ci NOT NULL,
  `nombreUsuario` varchar(50) COLLATE utf8_spanish2_ci DEFAULT NULL,
  `apellidoPaterno` varchar(50) COLLATE utf8_spanish2_ci DEFAULT NULL,
  `apellidoMaterno` varchar(50) COLLATE utf8_spanish2_ci DEFAULT NULL
) ENGINE=InnoDB DEFAULT CHARSET=utf8 COLLATE=utf8_spanish2_ci;

--
-- Volcado de datos para la tabla `usuarios`
--

INSERT INTO `usuarios` (`login`, `password`, `nombreUsuario`, `apellidoPaterno`, `apellidoMaterno`) VALUES
('agonzalez@gigisplayhouse.org', 'gonzalez123+', 'Alejandra', 'Gonzalez', 'null'),
('ccano@gigisplayhouse.org', 'cano123+', 'Carolina', 'Cano', 'Lara'),
('correo001', 'contra001', 'Adriana Guadalupe', 'Perez', 'Hernandez'),
('correo002', 'contra002', 'Alan Eduardo', 'Anaya', 'Flores'),
('correo003', 'contra003', 'Alejandro Vangelis', 'Soberanis', 'Lannoy'),
('correo004', 'contra004', 'Alexa Nicole', 'Soto', 'Perez'),
('correo005', 'contra005', 'Alexander', 'Hernandez', 'Vargas'),
('correo006', 'contra006', 'Alma Angelica', 'Gaspar', 'Castanieda'),
('correo007', 'contra007', 'Ana del Carmen', 'Pichardo', 'Garcia'),
('correo008', 'contra008', 'Ana Maria', 'Perez', 'Barba'),
('correo009', 'contra009', 'Ana Sayuri', 'Olvera', 'Rico'),
('correo010', 'contra010', 'Angel Andre', 'Dunzz', 'Sanders Romero'),
('correo011', 'contra011', 'Angel Miguel', 'Rodriguez', 'Franco'),
('correo012', 'contra012', 'Angelica Itzel', 'Garrido', 'Rosas'),
('correo013', 'contra013', 'Anna Julieta', 'Garcia', 'Lugo'),
('correo014', 'contra014', 'Aranza', 'Solorzano', 'Watson'),
('correo015', 'contra015', 'Arturo', 'Verdugo', 'Olvera'),
('correo016', 'contra016', 'Bruno Tadeo', 'Montes de Oca', 'Gonzalez'),
('correo017', 'contra017', 'Cristian Alejandro', 'Ledesma', 'Hernandez'),
('correo018', 'contra018', 'Cristian Tadeo', 'Arias', 'Sanchez'),
('correo019', 'contra019', 'Daniel Esteban', 'Lopez', 'Allende'),
('correo020', 'contra020', 'Daniela Sarahi', 'Aldape', 'Garcia'),
('correo021', 'contra021', 'Dario', 'Gabriel', 'Lopez'),
('correo022', 'contra022', 'David', 'Corzo', 'Gonzalez'),
('correo023', 'contra023', 'David', 'Vega', 'Portillo'),
('correo024', 'contra024', 'Demi Sofia', 'Cruz', 'Soto'),
('correo025', 'contra025', 'Diana', 'Canul', 'Pelayo'),
('correo026', 'contra026', 'Diana', 'Zamora', 'Morales'),
('correo027', 'contra027', 'Diego', 'Barron', 'Martinez'),
('correo028', 'contra028', 'Diego Gabriel', 'Sanchez', 'Olvera'),
('correo029', 'contra029', 'Diego', 'Ramirez', 'Lopez'),
('correo030', 'contra030', 'Dulce Guadalupe', 'Espinoza', 'Jorge'),
('correo031', 'contra031', 'Dulce Maria', 'Hernandez', 'Garcia'),
('correo032', 'contra032', 'Emiliano', 'Ruiz', 'null'),
('correo033', 'contra033', 'Erasmo Gabriel', 'Huerta', 'Rivera'),
('correo034', 'contra034', 'Erik Yair', 'Matehuala', 'Trejo'),
('correo035', 'contra035', 'Francisco Alejandro', 'Penia', 'Ferrer'),
('correo036', 'contra036', 'Franco', 'Vasquez', 'Sanchez'),
('correo037', 'contra037', 'Gabriel', 'Rojas', 'Tinoco'),
('correo038', 'contra038', 'Guadalupe', 'Gonzalez', 'Grimaldi'),
('correo039', 'contra039', 'Iker', 'Gutierrez', 'null '),
('correo040', 'contra040', 'Iker', 'Juarez', 'Castillo'),
('correo041', 'contra041', 'Iker Ramon', 'Murua', 'Ledesma'),
('correo042', 'contra042', 'Ingrid Alexa', 'Resendiz', 'Fernando'),
('correo043', 'contra043', 'Isaac', 'Carvajal', 'Urbina'),
('correo044', 'contra044', 'Isaac', 'Delgado', 'Nieves'),
('correo045', 'contra045', 'Isaac Enrique', 'Gutierrez', 'Centeno'),
('correo046', 'contra046', 'Isabella', 'Reyes', 'Cortes'),
('correo047', 'contra047', 'Isaias', 'Ramirez', 'Manzano'),
('correo048', 'contra048', 'Ismael', ' Rodriguez', 'Granada Vazquez'),
('correo049', 'contra049', 'Jessica', 'Olalde', 'Rosas'),
('correo050', 'contra050', 'Jose Emanuel', 'Zarazua', 'Uribe'),
('correo051', 'contra051', 'Jose Miguel', 'Esquivel', 'Orozco'),
('correo052', 'contra052', 'Josi Kaylani', 'Avalos', 'Irenia'),
('correo053', 'contra053', 'Juan Pablo', 'Martinez', 'Martinez'),
('correo054', 'contra054', 'Keyla Meltem', 'Sanchez', 'Prianti'),
('correo055', 'contra055', 'Keyli Milagros', 'Arias', 'Aguillon'),
('correo056', 'contra056', 'Killian Abdias', 'Torres', 'Estrada'),
('correo057', 'contra057', 'Leonardo', 'Jesus', 'null'),
('correo058', 'contra058', 'Luis Carlos', 'Guiron', 'Soria '),
('correo059', 'contra059', 'Luis Esteban', 'Ricalde', 'Chavez'),
('correo060', 'contra060', 'Luz Maria', 'Moreno', 'Alvarez'),
('correo061', 'contra061', 'Malik', 'Fajardo', 'Lopez'),
('correo062', 'contra062', 'Maria de Jesus', 'Medina', 'Arreguin'),
('correo063', 'contra063', 'Maria Jose', 'Virgilio', 'Sanchez'),
('correo064', 'contra064', 'María Ximena', 'Pastenes', 'Camacho'),
('correo065', 'contra065', 'Mariana', 'Zamora', 'Cruz'),
('correo066', 'contra066', 'Mateo', 'De La Llata', 'Simroth'),
('correo067', 'contra067', 'Matias', 'Mejia', 'Perez'),
('correo068', 'contra068', 'Matias', 'Mercado', 'Ceja'),
('correo069', 'contra069', 'Matteo', 'Aguilar', 'Resendiz '),
('correo070', 'contra070', 'Mauricio', 'Flores', 'Aviles'),
('correo071', 'contra071', 'Maximiliano', 'Lopez', 'Estrada'),
('correo072', 'contra072', 'Melissa', 'Salazar', 'Hernandez'),
('correo073', 'contra073', 'Mildreth Daniela', 'Martinez', 'Gomez'),
('correo074', 'contra074', 'Moriah Yolotzin', 'Hernandez', 'Gudinio'),
('correo075', 'contra075', 'Naomi', 'Pero', 'Gonzalez'),
('correo076', 'contra076', 'Orlando', 'Mendoza', 'Castaniedas'),
('correo077', 'contra077', 'Oziel Emanuel', 'Velazquez', 'Martinez'),
('correo078', 'contra078', 'Pablo', 'Santiago', 'Ibarra'),
('correo079', 'contra079', 'Pilar', 'Torres', 'Munioz'),
('correo080', 'contra080', 'Regina', 'Guerrero', 'Sanchez'),
('correo081', 'contra081', 'Regina', 'Miranda', 'Mendoza'),
('correo082', 'contra082', 'Renata', 'Rojas', 'Alvarado'),
('correo083', 'contra083', 'Rodrigo Ernesto', 'Guevara', 'Juárez'),
('correo084', 'contra084', 'Rodrigo', 'Jimenez', 'Medina'),
('correo085', 'contra085', 'Romina', 'Guadalupe', 'Hidalgo'),
('correo086', 'contra086', 'Samantha', 'Molina', 'Barcenas'),
('correo087', 'contra087', 'Samuel Isaac', 'Juarez', 'Icedo'),
('correo088', 'contra088', 'Santiago', 'Gardunio', 'Rosillo'),
('correo089', 'contra089', 'Santiago Jesus', 'Hernandez', 'Bolanios'),
('correo090', 'contra090', 'Santiago', 'Velasco', 'Plata'),
('correo091', 'contra091', 'Sofia', 'Ayala', 'Terrones'),
('correo092', 'contra092', 'Sofia', 'Rivera', 'Aguilar'),
('correo093', 'contra093', 'Teresa Joselin', 'Flores', 'Soto'),
('correo094', 'contra094', 'Valentina', 'Gonzalez', 'Escobar'),
('correo095', 'contra095', 'Valeria Andreina', 'Martinez', 'Jimenez'),
('correo096', 'contra096', 'Vanya Itzel', 'Rodriguez', 'Cachua'),
('correo097', 'contra097', 'Victor Antonio', 'Martinez', 'Olguin'),
('correo098', 'contra098', 'Xochitl Itzel', 'Mendoza', 'Morales'),
('correo099', 'contra099', 'Yerik Abdiel', 'Solis', 'Ascencio'),
('correo100', 'contra100', 'Zaid', 'Chavez', 'Loyola'),
('correo101', 'contra101', 'Zaira', 'Guadalupe', 'Olvera'),
('correo102', 'contra102', 'Zoe Xareni', 'Ponce', 'Gonzalez'),
('correo103', 'contra103', 'Valeria', 'Trolle', 'Rodriguez'),
('ebarba@gigisplayhouse.org', 'barba123+', 'Eva', 'Barba', 'null'),
('garistoy@gigisplayhouse.org', 'gaby123+', 'Gabriela', 'Aristoy', 'Torres'),
('jmartinez@gigisplayhouse.org', 'martinez123+', 'Jacob', 'Martinez', 'Chavez'),
('karias@gigisplayhouse.org', 'arias123+', 'Karime', 'Arias', 'null'),
('lazuara@gigisplayhouse.org', 'azuara123+', 'Ligia', 'Azuara', 'null'),
('maguilar@gigisplayhouse.org', 'aguilar123+', 'Mayela', 'Aguilar', 'null'),
('mcristina@gigisplayhouse.org', 'medina123+', 'Cristina', 'Medina', 'null'),
('mnajera@gigisplayhouse.org', 'najera123+', 'Marcela', 'Najera', 'Vilches'),
('ptornell@gigisplayhouse.org', 'tornell123+', 'Paula', 'Tornell', 'Pantoja'),
('vgarcia@gigisplayhouse.org', 'garcia123+', 'Veronica', 'Garcia', 'null'),
('vsaracho@gigisplayhouse.org', 'saracho123+', 'Valentina', 'Saracho', 'Pitol');

-- --------------------------------------------------------

--
-- Estructura de tabla para la tabla `usuarios_roles`
--

CREATE TABLE `usuarios_roles` (
  `login` varchar(50) COLLATE utf8_spanish2_ci NOT NULL,
  `idRol` char(4) COLLATE utf8_spanish2_ci NOT NULL,
  `fechaUR` date NOT NULL
) ENGINE=InnoDB DEFAULT CHARSET=utf8 COLLATE=utf8_spanish2_ci;

--
-- Volcado de datos para la tabla `usuarios_roles`
--

INSERT INTO `usuarios_roles` (`login`, `idRol`, `fechaUR`) VALUES
('agonzalez@gigisplayhouse.org', 'R01', '2021-04-03'),
('ccano@gigisplayhouse.org', 'R01', '2021-04-03'),
('correo001', 'R03', '2021-04-05'),
('correo002', 'R03', '2021-04-05'),
('correo003', 'R03', '2021-04-05'),
('correo004', 'R03', '2021-04-05'),
('correo005', 'R03', '2021-04-05'),
('correo006', 'R03', '2021-04-05'),
('correo007', 'R03', '2021-04-05'),
('correo008', 'R03', '2021-04-05'),
('correo009', 'R03', '2021-04-05'),
('correo010', 'R03', '2021-04-05'),
('correo011', 'R03', '2021-04-05'),
('correo012', 'R03', '2021-04-05'),
('correo013', 'R03', '2021-04-05'),
('correo014', 'R03', '2021-04-05'),
('correo015', 'R03', '2021-04-05'),
('correo016', 'R03', '2021-04-05'),
('correo017', 'R03', '2021-04-05'),
('correo018', 'R03', '2021-04-05'),
('correo019', 'R03', '2021-04-05'),
('correo020', 'R03', '2021-04-05'),
('correo021', 'R03', '2021-04-05'),
('correo022', 'R03', '2021-04-05'),
('correo023', 'R03', '2021-04-05'),
('correo024', 'R03', '2021-04-05'),
('correo025', 'R03', '2021-04-05'),
('correo026', 'R03', '2021-04-05'),
('correo027', 'R03', '2021-04-05'),
('correo028', 'R03', '2021-04-05'),
('correo029', 'R03', '2021-04-05'),
('correo030', 'R03', '2021-04-05'),
('correo031', 'R03', '2021-04-05'),
('correo032', 'R03', '2021-04-05'),
('correo033', 'R03', '2021-04-05'),
('correo034', 'R03', '2021-04-05'),
('correo035', 'R03', '2021-04-05'),
('correo036', 'R03', '2021-04-05'),
('correo037', 'R03', '2021-04-05'),
('correo038', 'R03', '2021-04-05'),
('correo039', 'R03', '2021-04-05'),
('correo040', 'R03', '2021-04-05'),
('correo041', 'R03', '2021-04-05'),
('correo042', 'R03', '2021-04-05'),
('correo043', 'R03', '2021-04-05'),
('correo044', 'R03', '2021-04-05'),
('correo045', 'R03', '2021-04-05'),
('correo046', 'R03', '2021-04-05'),
('correo047', 'R03', '2021-04-05'),
('correo048', 'R03', '2021-04-05'),
('correo049', 'R03', '2021-04-05'),
('correo050', 'R03', '2021-04-05'),
('correo051', 'R03', '2021-04-05'),
('correo052', 'R03', '2021-04-05'),
('correo053', 'R03', '2021-04-05'),
('correo054', 'R03', '2021-04-05'),
('correo055', 'R03', '2021-04-05'),
('correo056', 'R03', '2021-04-05'),
('correo057', 'R03', '2021-04-05'),
('correo058', 'R03', '2021-04-05'),
('correo059', 'R03', '2021-04-05'),
('correo060', 'R03', '2021-04-05'),
('correo061', 'R03', '2021-04-05'),
('correo062', 'R03', '2021-04-05'),
('correo063', 'R03', '2021-04-05'),
('correo064', 'R03', '2021-04-05'),
('correo065', 'R03', '2021-04-05'),
('correo066', 'R03', '2021-04-05'),
('correo067', 'R03', '2021-04-05'),
('correo068', 'R03', '2021-04-05'),
('correo069', 'R03', '2021-04-05'),
('correo070', 'R03', '2021-04-05'),
('correo071', 'R03', '2021-04-05'),
('correo072', 'R03', '2021-04-05'),
('correo073', 'R03', '2021-04-05'),
('correo074', 'R03', '2021-04-05'),
('correo075', 'R03', '2021-04-05'),
('correo076', 'R03', '2021-04-05'),
('correo077', 'R03', '2021-04-05'),
('correo078', 'R03', '2021-04-05'),
('correo079', 'R03', '2021-04-05'),
('correo080', 'R03', '2021-04-05'),
('correo081', 'R03', '2021-04-05'),
('correo082', 'R03', '2021-04-05'),
('correo083', 'R03', '2021-04-05'),
('correo084', 'R03', '2021-04-05'),
('correo085', 'R03', '2021-04-05'),
('correo086', 'R03', '2021-04-05'),
('correo087', 'R03', '2021-04-05'),
('correo088', 'R03', '2021-04-05'),
('correo089', 'R03', '2021-04-05'),
('correo090', 'R03', '2021-04-05'),
('correo091', 'R03', '2021-04-05'),
('correo092', 'R03', '2021-04-05'),
('correo093', 'R03', '2021-04-05'),
('correo094', 'R03', '2021-04-05'),
('correo095', 'R03', '2021-04-05'),
('correo096', 'R03', '2021-04-05'),
('correo097', 'R03', '2021-04-05'),
('correo098', 'R03', '2021-04-05'),
('correo099', 'R03', '2021-04-05'),
('correo100', 'R03', '2021-04-05'),
('correo101', 'R03', '2021-04-05'),
('correo102', 'R03', '2021-04-05'),
('correo103', 'R03', '2021-04-05'),
('ebarba@gigisplayhouse.org', 'R04', '2021-04-03'),
('garistoy@gigisplayhouse.org', 'R01', '2021-04-03'),
('jmartinez@gigisplayhouse.org', 'R01', '2021-04-03'),
('karias@gigisplayhouse.org', 'R01', '2021-04-03'),
('lazuara@gigisplayhouse.org', 'R01', '2021-04-03'),
('maguilar@gigisplayhouse.org', 'R04', '2021-04-03'),
('mcristina@gigisplayhouse.org', 'R01', '2021-04-03'),
('mnajera@gigisplayhouse.org', 'R02', '2021-04-03'),
('ptornell@gigisplayhouse.org', 'R02', '2021-04-03'),
('vgarcia@gigisplayhouse.org', 'R01', '2021-04-03'),
('vsaracho@gigisplayhouse.org', 'R01', '2021-04-03');

--
-- Índices para tablas volcadas
--

--
-- Indices de la tabla `ciclos`
--
ALTER TABLE `ciclos`
  ADD PRIMARY KEY (`idCiclo`);

--
-- Indices de la tabla `funciones`
--
ALTER TABLE `funciones`
  ADD PRIMARY KEY (`idFuncion`);

--
-- Indices de la tabla `grupos`
--
ALTER TABLE `grupos`
  ADD PRIMARY KEY (`idGrupo`),
  ADD KEY `cfgrupos_idprograma_programas` (`idPrograma`),
  ADD KEY `cfgrupos_idciclo_cicloss` (`idCiclo`);

--
-- Indices de la tabla `grupos_terapeutas`
--
ALTER TABLE `grupos_terapeutas`
  ADD PRIMARY KEY (`idGrupo`,`login`),
  ADD KEY `cfgrupos_terapeutas_login_terapeutas` (`login`);

--
-- Indices de la tabla `niveles`
--
ALTER TABLE `niveles`
  ADD PRIMARY KEY (`idNivel`),
  ADD KEY `cfniveles_idprograma_programas` (`idPrograma`);

--
-- Indices de la tabla `objetivos`
--
ALTER TABLE `objetivos`
  ADD PRIMARY KEY (`idNivel`,`idObjetivo`),
  ADD KEY `cfobjetivos_idNivel_niveles` (`idNivel`);

--
-- Indices de la tabla `participantes`
--
ALTER TABLE `participantes`
  ADD PRIMARY KEY (`login`),
  ADD KEY `cfparticipantes_login_usuarios` (`login`);

--
-- Indices de la tabla `participantes_grupos_objetivo`
--
ALTER TABLE `participantes_grupos_objetivo`
  ADD PRIMARY KEY (`login`,`idGrupo`,`idNivel`,`idObjetivo`),
  ADD KEY `cfpuntajes_idGrupo_grupos` (`idGrupo`),
  ADD KEY `cfpuntajes_idObjetivo_objetivos` (`idNivel`,`idObjetivo`),
  ADD KEY `cfpuntajes_login_participantes` (`login`);

--
-- Indices de la tabla `programas`
--
ALTER TABLE `programas`
  ADD PRIMARY KEY (`idPrograma`);

--
-- Indices de la tabla `roles`
--
ALTER TABLE `roles`
  ADD PRIMARY KEY (`idRol`);

--
-- Indices de la tabla `roles_funciones`
--
ALTER TABLE `roles_funciones`
  ADD PRIMARY KEY (`idRol`,`idfuncion`),
  ADD KEY `cfroles_funciones_idFuncion_funciones` (`idfuncion`);

--
-- Indices de la tabla `terapeutas`
--
ALTER TABLE `terapeutas`
  ADD PRIMARY KEY (`login`),
  ADD KEY `cfterapeutas_login_usuarios` (`login`);

--
-- Indices de la tabla `usuarios`
--
ALTER TABLE `usuarios`
  ADD PRIMARY KEY (`login`);

--
-- Indices de la tabla `usuarios_roles`
--
ALTER TABLE `usuarios_roles`
  ADD PRIMARY KEY (`login`,`idRol`),
  ADD KEY `cfusuarios_roles_idRol_roles` (`idRol`);

--
-- Restricciones para tablas volcadas
--

--
-- Filtros para la tabla `grupos`
--
ALTER TABLE `grupos`
  ADD CONSTRAINT `cfgrupos_idciclo_cicloss` FOREIGN KEY (`idCiclo`) REFERENCES `ciclos` (`idCiclo`) ON DELETE CASCADE ON UPDATE CASCADE,
  ADD CONSTRAINT `cfgrupos_idprograma_programas` FOREIGN KEY (`idPrograma`) REFERENCES `programas` (`idPrograma`) ON DELETE CASCADE ON UPDATE CASCADE;

--
-- Filtros para la tabla `grupos_terapeutas`
--
ALTER TABLE `grupos_terapeutas`
  ADD CONSTRAINT `cfgrupos_terapeutas_idGrupo_grupos` FOREIGN KEY (`idGrupo`) REFERENCES `grupos` (`idGrupo`) ON DELETE CASCADE ON UPDATE CASCADE,
  ADD CONSTRAINT `cfgrupos_terapeutas_login_terapeutas` FOREIGN KEY (`login`) REFERENCES `terapeutas` (`login`) ON DELETE CASCADE ON UPDATE CASCADE;

--
-- Filtros para la tabla `niveles`
--
ALTER TABLE `niveles`
  ADD CONSTRAINT `cfniveles_idprograma_programas` FOREIGN KEY (`idPrograma`) REFERENCES `programas` (`idPrograma`) ON DELETE CASCADE ON UPDATE CASCADE;

--
-- Filtros para la tabla `objetivos`
--
ALTER TABLE `objetivos`
  ADD CONSTRAINT `cfobjetivos_idNivel_niveles` FOREIGN KEY (`idNivel`) REFERENCES `niveles` (`idNivel`) ON DELETE CASCADE ON UPDATE CASCADE;

--
-- Filtros para la tabla `participantes`
--
ALTER TABLE `participantes`
  ADD CONSTRAINT `cfparticipantes_login_usuarios` FOREIGN KEY (`login`) REFERENCES `usuarios` (`login`);

--
-- Filtros para la tabla `participantes_grupos_objetivo`
--
ALTER TABLE `participantes_grupos_objetivo`
  ADD CONSTRAINT `cfpuntajes_idGrupo_grupos` FOREIGN KEY (`idGrupo`) REFERENCES `grupos` (`idGrupo`) ON DELETE CASCADE ON UPDATE CASCADE,
  ADD CONSTRAINT `cfpuntajes_idObjetivo_objetivos` FOREIGN KEY (`idNivel`,`idObjetivo`) REFERENCES `objetivos` (`idNivel`, `idObjetivo`),
  ADD CONSTRAINT `cfpuntajes_login_participantes` FOREIGN KEY (`login`) REFERENCES `participantes` (`login`) ON DELETE CASCADE ON UPDATE CASCADE;

--
-- Filtros para la tabla `roles_funciones`
--
ALTER TABLE `roles_funciones`
  ADD CONSTRAINT `cfroles_funciones_idFuncion_funciones` FOREIGN KEY (`idfuncion`) REFERENCES `funciones` (`idFuncion`) ON DELETE CASCADE ON UPDATE CASCADE,
  ADD CONSTRAINT `cfroles_funciones_idRol_roles` FOREIGN KEY (`idRol`) REFERENCES `roles` (`idRol`) ON DELETE CASCADE ON UPDATE CASCADE;

--
-- Filtros para la tabla `terapeutas`
--
ALTER TABLE `terapeutas`
  ADD CONSTRAINT `cfterapeutas_login_usuarios` FOREIGN KEY (`login`) REFERENCES `usuarios` (`login`);

--
-- Filtros para la tabla `usuarios_roles`
--
ALTER TABLE `usuarios_roles`
  ADD CONSTRAINT `cfusuarios_roles_idRol_roles` FOREIGN KEY (`idRol`) REFERENCES `roles` (`idRol`) ON DELETE CASCADE ON UPDATE CASCADE,
  ADD CONSTRAINT `cfusuarios_roles_login_usuarios` FOREIGN KEY (`login`) REFERENCES `usuarios` (`login`) ON DELETE CASCADE ON UPDATE CASCADE;
COMMIT;

/*!40101 SET CHARACTER_SET_CLIENT=@OLD_CHARACTER_SET_CLIENT */;
/*!40101 SET CHARACTER_SET_RESULTS=@OLD_CHARACTER_SET_RESULTS */;
/*!40101 SET COLLATION_CONNECTION=@OLD_COLLATION_CONNECTION */;
